,dim_0,dim_1,dim_2,dim_3,dim_4,dim_5,dim_6,dim_7,dim_8,dim_9,dim_10,dim_11,dim_12,dim_13,dim_14,dim_15,dim_16,dim_17,dim_18,dim_19,dim_20,dim_21,dim_22,dim_23,dim_24,dim_25,dim_26,dim_27,dim_28,dim_29,dim_30,dim_31
GUT_0001,0.00073,0.20801,0.89102,0.06682,-0.65372,0.11039,1.12901,0.5788,-0.40264,-0.86775,-0.93731,-0.25409,-2.76716,-0.45976,-2.0225,-1.01784,-0.22003,-0.40272,0.62528,0.92027,0.31163,1.41627,-0.7607,0.98962,0.82235,-0.21129,-0.69302,-0.93143,-0.19114,-0.01021,-0.80844,0.00401
GUT_0002,-0.08196,0.45435,0.46439,-0.00837,-0.80213,0.27506,1.30253,1.13903,-0.85636,-1.31186,-0.9774,-0.16552,-1.63608,0.04152,-1.44127,-1.06662,-0.78815,-0.32172,0.42031,0.85642,-0.45018,1.72206,-0.55227,0.25787,0.8483,-0.03837,-1.47751,-0.89281,-0.72536,-0.03048,-1.16968,-0.0261
GUT_0003,0.28569,0.05649,0.40069,0.2455,-0.60858,0.43692,0.98876,1.1553,-0.40292,-1.10615,-0.48369,-0.90174,-2.25987,-0.22515,-1.28267,-0.88991,-0.53042,-0.21327,0.34568,0.92668,0.1789,1.09012,-0.40766,0.39571,0.70239,0.02152,-0.9735,-0.75296,-0.37075,0.081,-1.28517,-0.13375
GUT_0004,0.23032,-0.22611,0.65731,0.03208,-0.46216,-0.01585,1.46505,0.8896,-0.61408,-1.3505,-0.54318,-0.22681,-2.02774,-0.64468,-1.50572,-0.67335,-0.17855,-0.24677,0.34965,0.68624,-0.17635,1.36149,-0.24255,0.50704,0.5212,0.60071,-0.84225,-1.14159,-0.08902,0.20776,-1.10147,-0.15448
GUT_0005,-0.21807,0.36752,0.87714,0.0101,-0.74033,0.11934,1.33484,0.78508,-0.89495,-1.06261,-0.53213,-0.05732,-2.14147,0.12305,-1.51954,-0.88309,-0.3086,-0.13657,0.46831,1.33312,-0.40059,0.99668,-0.88182,0.38215,0.70445,-0.02779,-0.98725,-1.07683,-0.70892,0.31206,-0.8109,-0.32929
GUT_0006,0.25854,-0.10984,1.03896,-0.16897,-0.44504,0.47259,1.21389,1.09296,-1.06337,-0.73572,-0.95879,0.27128,-2.60531,0.06893,-1.3421,-0.69266,-0.53092,-0.04112,0.33124,0.30072,-0.31855,1.41239,-0.77531,0.54397,1.1573,0.05707,-1.11591,-0.57568,-0.18696,0.1454,-0.48255,-0.29639
GUT_0007,0.39519,-0.36647,1.12823,-0.11923,-0.29706,0.49771,1.26549,1.21721,-1.07868,-0.92603,-0.6392,-0.09428,-2.13774,0.04618,-1.05346,-0.23239,-0.27408,0.00458,0.27666,1.06914,0.01221,1.36203,-0.58979,0.45804,1.11453,0.06861,-0.83095,-1.1288,-0.68066,0.51331,-1.03075,-0.01244
GUT_0008,-0.13654,0.15455,0.90744,0.18791,-0.73621,0.32889,1.22956,0.86084,-1.33025,-1.4799,-0.6708,0.42043,-2.28485,0.13143,-1.34434,-0.79544,-1.51911,-0.20047,0.5484,1.48345,-0.25022,1.39,-0.84158,0.05745,0.72519,0.00776,-0.40464,-0.92117,-0.65536,0.25566,-0.95523,-0.37823
GUT_0009,0.07234,0.03416,0.30581,0.19521,-0.21245,0.47501,0.88146,0.76503,-0.39566,-1.19084,-0.62574,0.15163,-2.14477,-0.39591,-1.31851,-0.69654,-0.68025,-0.34966,0.7361,0.80056,0.35313,1.8363,-1.09355,0.31625,0.98914,-0.09621,-0.92877,-0.98108,-0.27293,0.09236,-0.55294,-0.13668
GUT_0010,0.2823,-0.03978,0.55764,0.5584,-0.33271,0.31074,0.9097,1.04032,-0.98967,-1.69441,-0.69306,0.11169,-2.00441,-0.14818,-1.04441,-1.03874,-0.54989,-0.28525,0.62719,1.07153,0.07249,1.24041,-0.57571,0.45523,0.59103,0.1379,-0.82359,-1.39775,-0.21812,0.12973,-1.22272,-0.3035
GUT_0011,0.08425,-0.014,0.98382,0.23829,-0.26853,0.24247,1.49676,0.93259,-0.43513,-1.51631,-0.81816,0.35851,-2.37405,-0.30853,-1.22652,-0.90464,-0.21127,-0.62859,0.37398,1.12925,-0.15465,1.16589,-0.88229,0.45786,0.64585,0.25557,-1.12454,-1.06047,-0.44865,-0.09284,-0.84662,-0.21381
GUT_0012,-0.26567,-0.11935,0.35122,-0.23632,-0.59348,0.93097,1.37339,1.13781,-0.65056,-1.06968,-0.95905,-0.0663,-2.25969,-0.22327,-1.29391,-0.89874,-0.60885,-0.50985,-0.19383,0.74389,-0.00962,1.75573,-0.2118,0.3757,1.12682,0.32101,-0.91656,-1.34621,-0.45,-0.22036,-1.0896,-0.05715
GUT_0013,0.43573,-0.04173,0.771,0.33159,-0.10243,0.39945,1.61138,0.93104,-0.84028,-1.18672,-0.77473,-0.10196,-2.47697,-0.79265,-1.21954,-1.04823,-0.57108,0.04619,0.28138,0.90701,0.21244,1.50304,-0.42106,0.26269,1.09049,-0.07753,-0.9125,-0.77266,-0.60732,0.41197,-0.4117,-0.63071
GUT_0014,0.08946,0.15817,0.38791,0.18774,-0.57331,0.39669,1.38678,0.64208,-0.97227,-0.91561,-0.54997,0.06791,-2.33605,-0.12966,-1.5349,-0.98202,-0.21813,-0.27848,0.62421,0.8911,0.21565,1.45278,-0.54488,0.48869,0.70422,-0.37242,-1.0122,-0.51409,-0.13255,0.13346,-1.08504,0.04998
GUT_0015,0.44212,-0.01281,0.01134,0.0266,-0.49975,0.48191,1.34204,0.78815,-0.73267,-1.19172,-0.69028,-0.05165,-2.01201,-0.45544,-1.33328,-1.24008,-0.40902,-0.10923,0.54875,1.27193,-0.01836,1.45209,-0.54671,0.28468,1.20055,0.00687,-1.10909,-0.70928,0.00495,-0.01984,-1.03503,-0.38054
GUT_0016,-0.18472,-0.20152,0.27393,-0.03716,-0.83219,0.09683,0.87402,1.25192,-0.57647,-1.74479,-0.77248,-0.12628,-2.49777,-0.58051,-1.05731,-0.83123,-0.42722,-0.18461,0.75549,0.5888,0.30612,1.68367,-0.52193,0.94741,0.95471,0.29938,-0.9281,-0.63814,-0.41577,0.1074,-0.48038,-0.28538
GUT_0017,-0.06319,0.00071,0.82503,0.19349,-1.12581,0.61359,1.21644,0.643,-0.55291,-1.12471,-0.88404,0.65943,-2.62744,-0.65204,-1.53445,-0.37707,-0.58822,-0.40931,0.39609,0.89336,-0.3011,1.20616,-0.48821,0.60662,0.6397,0.15382,-0.54645,-1.19216,-0.58337,-0.03932,-1.33238,-0.18371
GUT_0018,0.11837,-0.02895,0.56735,-0.05385,-0.55834,0.36035,1.12754,1.05373,-0.51709,-1.2259,-0.1949,-0.11676,-2.19488,-0.32098,-1.18725,-0.93975,-0.26548,-0.27229,0.70969,0.72599,-0.25191,1.14332,-0.79818,0.17836,0.87333,0.0897,-0.75375,-1.06061,-0.41087,0.4391,-1.23519,-0.20895
GUT_0019,0.10977,-0.13602,0.39265,0.11033,-0.76614,0.49052,1.2782,0.95705,-0.92653,-1.06448,-0.4502,0.25671,-1.76818,-0.23192,-0.94506,-0.76322,-0.44574,-0.22497,0.47778,1.20708,-0.20452,1.3767,-0.53137,0.78847,0.69288,-0.35752,-0.86452,-0.89924,-0.41398,0.24325,-0.71392,0.03484
GUT_0020,0.03923,-0.22118,0.58402,-0.28826,-0.65093,0.25538,1.25678,0.88351,-0.53573,-1.39841,-0.73292,0.17681,-2.38386,-0.16468,-1.07858,-0.62677,-0.48172,-0.36541,0.5821,1.0864,-0.25475,1.32876,-0.96973,0.11112,0.43274,-0.07597,-0.40961,-1.06085,-0.26084,0.21933,-1.18476,0.12539
GUT_0021,0.38608,-0.4008,0.59594,0.27193,-0.61063,0.64133,1.49432,0.55286,-0.82184,-1.1949,-0.76702,-0.01274,-2.12508,-0.1396,-1.47607,-0.68862,-0.69733,-0.6201,0.12912,1.11425,-0.13556,1.36782,-0.95175,0.30553,0.64418,-0.13759,-0.78478,-1.26757,-0.29041,0.84192,-0.89491,-0.4699
GUT_0022,0.03133,-0.00528,0.78777,-0.15304,-0.46088,0.6507,1.74277,0.77188,-0.91979,-1.25182,-1.3553,-0.09143,-2.39277,-0.33363,-1.64188,-0.79366,-0.73841,-0.12693,0.18201,0.97193,-0.18677,1.50836,-1.30167,0.26635,1.09337,0.00359,-1.12523,-0.84008,-0.37355,0.15257,-1.29957,-0.39434
GUT_0023,-0.35431,-0.32443,0.62499,-0.02186,-0.55456,0.38251,1.52814,1.49804,-0.52079,-1.6165,-1.28751,0.01771,-2.30718,-0.50926,-1.1779,-0.924,-0.44359,-0.39768,0.511,0.60671,-0.23815,1.32931,-1.02141,0.82209,0.76828,0.44151,-0.90958,-0.97922,-0.16175,0.29615,-0.9616,-0.14269
GUT_0024,-0.11338,-0.08275,0.50442,0.09389,-0.55499,0.3525,1.29531,0.78399,-0.96724,-1.43151,-0.35539,0.13487,-2.17829,0.1262,-1.54077,-0.60478,-0.81303,-0.39988,0.53269,1.4461,-0.32408,1.34276,-0.37614,-0.02094,0.994,0.01694,-0.96392,-0.88507,-0.30899,-0.00783,-0.91462,-0.16583
GUT_0025,0.39821,-0.34709,0.49376,0.2976,-0.65953,-0.09833,1.56622,0.94928,-0.22698,-1.17605,-0.57553,0.75995,-2.368,-0.45675,-1.18861,-0.44833,-0.83554,-0.54337,0.52407,0.24318,-0.4017,1.56533,-0.81188,-0.05511,1.38486,-0.25862,-0.87434,-1.01491,-0.43694,0.12782,-1.02986,-0.1948
GUT_0026,-0.469,-0.02184,0.28931,-0.43676,-0.19033,0.04022,1.34897,0.75394,-0.87335,-1.14451,-0.88533,0.13449,-2.22986,0.07232,-1.32996,-0.47062,-0.11409,0.08037,0.55815,1.1548,0.58383,1.92451,-0.85685,0.58241,1.05396,0.11208,-0.70517,-0.79978,-0.22339,0.27489,-0.92467,0.13886
GUT_0027,0.37329,0.27621,0.94718,0.1992,-0.48372,0.05569,1.37702,0.68779,-0.95975,-1.10279,-0.64842,0.15938,-2.48177,0.08151,-1.20997,-0.43534,-0.3759,-0.27499,0.292,1.05039,0.07847,1.54088,-0.96409,0.60793,0.84999,0.29783,-0.91787,-0.76226,-0.65687,0.25253,-1.08413,-0.28057
GUT_0028,-0.30943,0.08705,0.88084,-0.00579,-0.88061,0.19992,1.5409,1.10346,-0.77882,-1.0411,-0.88364,-0.11183,-2.20638,-0.24277,-1.39322,-1.3603,-0.37645,-0.23537,-0.0241,1.19259,-0.13213,1.43617,-0.4289,0.16654,1.08186,0.26498,-0.55312,-0.51274,-0.29304,0.07981,-0.56002,-0.486
GUT_0029,0.10004,0.13845,0.96487,0.22078,-0.68802,0.22319,1.1532,1.18529,-0.93037,-1.04929,-0.63142,0.08434,-1.9471,-0.33763,-0.83048,-1.08463,-0.75045,-0.7109,0.22494,1.18823,0.0559,1.44316,-0.59842,0.05818,0.57176,0.16998,-0.40655,-1.01276,-0.77487,-0.16312,-1.17978,0.18571
GUT_0030,-0.02664,-0.25299,0.70683,-0.0601,-0.75815,0.31459,1.42117,1.12634,-0.5661,-1.3798,-1.04704,-0.1583,-2.25401,-0.5522,-1.18276,-0.87976,-0.6898,-0.03642,0.46631,1.38508,-0.36335,1.64915,-0.43792,-0.39724,0.8814,0.47957,-0.54898,-1.03206,-0.51592,-0.10557,-0.95805,-0.65747
GUT_0031,0.12059,-0.22296,0.61394,0.79037,-0.27687,0.16768,1.72069,0.92488,-0.51881,-1.41208,-0.85774,0.2418,-2.51725,-0.41412,-1.02145,-1.02278,-0.89907,-0.18004,-0.07834,0.85458,-0.21995,1.03014,-0.94454,0.51798,0.97658,-0.14242,-0.61113,-0.54191,-0.77833,0.23551,-0.51546,-0.05639
GUT_0032,-0.07376,0.15374,0.80385,0.09202,-0.652,-0.07534,1.34298,0.77415,-0.7367,-1.09768,-0.41827,0.22108,-1.76126,0.07249,-1.43243,-0.93684,0.03778,-0.48213,0.4006,1.47873,0.30029,1.35281,-0.60471,-0.05727,0.67638,0.0027,-0.74491,-1.00256,-0.41965,0.76837,-0.89353,-0.132
GUT_0033,0.43397,-0.37992,0.60903,-0.16904,-0.51389,0.39136,1.53413,1.2465,-0.53797,-0.85986,-0.22615,0.12017,-2.23169,-0.70286,-1.16585,-0.73354,-0.96638,-0.42415,0.65099,0.73282,0.1947,1.48516,-0.72229,0.31593,1.11095,-0.26384,-0.23331,-1.12508,-0.64905,0.52539,-0.81211,0.12217
GUT_0034,-0.19337,-0.25031,0.69003,0.1006,-1.04887,0.6227,1.73679,1.3131,-0.9582,-1.15643,-1.1549,0.46383,-2.81,-0.11616,-0.95527,-0.40944,-0.45827,-0.67271,0.38634,0.97543,-0.03644,1.6134,-0.49968,0.88191,1.06873,-0.00319,-0.336,-1.00036,-0.38726,0.26539,-1.58293,-0.13997
GUT_0035,0.09041,-0.45321,0.66104,0.48063,-0.57999,0.23106,1.15207,1.45135,-1.04255,-1.05418,-0.59542,0.52155,-1.99721,-0.24087,-1.63128,-0.37486,-0.17975,-0.59253,0.59794,0.84232,-0.32258,0.96414,-0.43197,0.41929,1.0271,0.45713,-0.57634,-0.77558,-0.27041,-0.04595,-1.01823,-0.51074
GUT_0036,0.3912,0.38245,0.36912,0.14823,-0.5534,0.4934,1.4496,1.03769,-0.94553,-1.16675,-0.40019,-0.08702,-1.83049,-0.27752,-1.40438,-0.65817,-0.60866,-0.65809,0.40509,1.44144,0.3721,1.2247,-0.43888,0.38464,0.97444,0.41086,-0.53048,-0.88315,-0.68991,-0.0608,-1.02562,-0.12827
GUT_0037,0.37063,-0.73287,0.86628,-0.15696,-0.25715,0.44576,1.46164,0.81185,-0.63307,-1.73222,-0.34946,-0.04138,-2.9723,0.04658,-0.82672,-0.9513,-0.24108,-0.50374,-0.155,0.95304,-0.047,1.39985,-0.6393,0.42562,0.95761,0.04,-0.89384,-0.98818,-0.54564,0.14446,-1.28536,-0.34482
GUT_0038,0.10972,-0.17802,0.77404,0.30852,-0.36565,-0.07588,1.19015,1.12349,-0.57489,-1.09547,-0.54469,-0.17206,-2.01939,-0.55869,-0.99947,-0.73636,-0.91242,-0.41534,0.71257,0.89541,-0.43119,1.29427,-0.86971,0.03886,1.01285,0.29356,-0.88143,-0.79082,-0.55448,0.19527,-0.97877,0.16415
GUT_0039,0.25469,-0.1874,0.52383,-0.10504,-0.54223,0.34656,1.20345,0.59929,-1.13053,-1.23343,-0.57872,0.58711,-2.3697,0.03656,-0.94711,-0.74753,-0.52506,-0.42376,0.85542,0.66541,-0.13845,1.71249,-0.69211,0.20878,0.96169,0.22576,-0.60164,-0.85131,-0.2702,0.45662,-1.28634,-0.3039
GUT_0040,0.18438,0.03601,0.87846,-0.10961,-0.84241,0.07317,1.76867,0.68347,-0.76238,-1.31179,-0.36551,-0.39325,-2.33485,0.08481,-0.96719,-0.62994,-0.60949,0.12312,-0.00636,1.28776,-0.00149,1.51422,-0.59874,0.40281,1.13617,-0.19425,-1.05514,-0.88111,-0.44469,0.26111,-0.61201,-0.354
GUT_0041,0.71737,-0.48265,0.50392,-0.0093,-0.20552,0.15662,1.71849,1.34661,-0.48733,-1.15608,-1.01232,0.08686,-2.6827,-0.30945,-1.19514,-0.80949,-0.30656,-0.34859,0.02448,0.7775,-0.44701,1.28736,-0.3533,0.47795,0.98835,-0.22733,-0.15121,-0.92879,0.1465,0.00334,-1.15158,0.44074
GUT_0042,0.04118,-0.33546,1.18069,-0.14613,-0.31131,0.63767,1.05105,0.47277,-1.1489,-1.46532,-0.56761,0.12519,-2.37229,-0.24512,-1.0024,-0.54023,-0.44957,-0.47054,0.60602,1.08782,-0.31549,1.22224,-0.35803,0.81286,0.77104,-0.4255,-0.59663,-1.14754,-0.2746,0.12621,-0.45222,-0.18111
GUT_0043,-0.57909,-0.09827,0.70591,0.28498,-0.67412,0.03864,0.90388,1.08537,-0.52616,-1.48436,-0.75528,-0.14072,-2.79883,-0.16901,-1.03441,-0.7881,-0.89988,-0.36588,0.75274,1.57499,-0.06126,1.16923,-1.16159,-0.03497,0.88125,0.15045,-0.67934,-0.98747,-0.84353,-0.17392,-0.97279,-0.41532
GUT_0044,0.5475,-0.29873,0.69622,0.16069,-0.62167,-0.14178,1.1834,1.3277,-1.02393,-1.72595,-0.67799,-0.06177,-2.64824,-0.40693,-1.36618,-0.83549,-0.50357,-0.13963,0.5084,1.12795,0.2915,1.64029,-1.3934,0.26072,0.50933,-0.07827,-0.55073,-0.97202,-0.56482,0.54944,-1.38556,-0.23263
GUT_0045,-0.16509,-0.13775,0.8423,0.19421,-0.45625,0.43846,1.3378,0.63677,-0.78101,-1.15771,-1.4019,0.23062,-2.24067,-0.48984,-1.4325,-0.78323,-0.4409,-0.40981,0.70338,1.14579,-0.32518,1.24867,-0.6083,0.5336,1.07347,0.06961,-0.70613,-0.928,-0.25223,-0.02637,-0.85891,-0.67228
GUT_0046,0.12564,-0.66526,1.0321,0.3295,-0.52931,0.47627,1.06915,1.07515,-0.31371,-1.55994,0.04991,-0.06791,-2.11818,-0.42532,-1.14831,-1.05075,-0.70901,-0.37344,0.24768,0.98216,0.11545,1.04719,-0.96413,0.36327,0.76242,-0.15692,-0.71049,-1.06282,-0.37369,0.21026,-1.05992,-0.22624
GUT_0047,0.08583,-0.3896,0.2626,-0.45349,-0.82966,0.14852,1.29087,0.47695,-0.34631,-0.99953,-0.31198,-0.0869,-2.26403,-0.45563,-0.85846,-1.03552,-0.67267,0.03955,1.03408,1.01958,-0.23209,0.73968,-0.23758,0.42856,0.43248,0.31185,-0.59003,-1.01033,-0.59718,0.40273,-0.95113,-0.08747
GUT_0048,0.31586,0.01422,0.32088,-0.17396,-0.33104,0.5234,1.43355,1.15717,-0.84224,-1.12419,-0.87049,0.05692,-2.0927,-0.38801,-0.75768,-0.44875,-0.20123,-0.36909,0.06439,0.86787,0.00938,1.29671,-0.48485,0.38912,0.75603,0.32757,-0.40556,-1.10476,-0.32975,0.25934,-0.9394,-0.2352
GUT_0049,-0.13517,-0.34976,0.80449,0.14987,-0.73468,0.19721,1.26433,0.83806,-0.5421,-1.55648,-0.53244,0.42396,-2.27469,-0.44087,-1.42667,-0.72135,-0.70031,-0.00765,-0.04847,1.45225,-0.63478,1.35621,-0.93594,0.55656,0.70996,-0.18925,-0.82851,-1.02448,-0.94148,0.33382,-1.60777,0.08491
GUT_0050,-0.02441,-0.33038,0.80336,-0.04113,-0.92257,0.33983,0.95973,0.94385,-0.359,-1.02475,-0.62281,-0.0001,-2.40423,-0.37818,-1.15714,-0.77174,-0.63968,-0.24879,-0.09296,1.53163,0.029,1.01802,-0.63643,0.06924,0.76865,-0.12977,-0.47053,-1.40191,-0.54632,-0.19207,-1.01473,-0.2886
GUT_0051,0.51659,-0.27315,0.7709,0.0677,-0.47481,0.74463,1.23684,1.39512,-0.77578,-1.28881,-0.15095,0.11013,-2.83302,-0.16259,-1.56637,-1.14792,-0.77992,-0.23478,0.13329,0.6922,-0.22348,1.46762,-0.83929,0.0249,0.3603,-0.10004,-0.53242,-0.6712,-0.26027,0.17637,-0.97728,0.10775
GUT_0052,-0.34199,0.03847,0.52766,-0.18401,-0.34246,0.08379,1.08718,1.33129,-0.96524,-1.42942,-0.79409,0.23753,-2.78401,0.09381,-1.30675,-0.81148,-0.76843,-0.35266,0.77923,1.09573,-0.36167,1.27962,-0.53158,0.37284,0.83914,0.24516,-0.65323,-1.19115,-0.93645,0.34532,-0.54526,-0.41436
GUT_0053,0.56064,-0.1158,0.95285,0.29256,-0.67462,-0.14311,1.07664,1.03939,-0.59892,-1.39098,-0.8377,-0.35875,-2.74511,-0.24932,-1.63959,-0.73604,-0.74375,-0.42284,0.94297,1.05458,-0.21442,1.32313,-1.03361,0.6863,1.11542,-0.03899,-0.68618,-1.08962,-0.35866,-0.11555,-0.94275,0.16614
GUT_0054,0.36317,0.35553,0.82316,0.12921,-0.73622,0.4705,1.78457,0.44286,-0.45941,-1.22847,-0.24494,0.00934,-2.86596,0.27907,-1.53576,-0.53219,-0.57615,-0.3262,0.44604,0.90605,-0.08189,1.44338,-0.46479,0.38277,0.98314,0.42606,-0.969,-0.90419,-0.33815,0.47905,-1.02551,-0.18434
GUT_0055,0.04544,0.03922,0.61495,0.11261,-0.84143,0.37577,1.29659,0.57618,-0.88885,-1.37888,-1.00545,-0.26296,-1.95764,-0.47629,-1.46008,-1.08121,-0.23741,-0.08675,0.49118,1.06357,-0.2515,1.29536,-0.83373,0.51608,1.07652,0.32217,-0.23128,-0.74493,-0.29909,0.47112,-1.39512,-0.20799
GUT_0056,0.00248,0.31118,0.9058,-0.03316,-0.95061,0.08059,1.56368,0.86676,-1.07406,-1.3216,-0.2001,0.44364,-2.4433,-0.14176,-1.09272,-1.10206,-0.67749,-0.41765,0.51264,0.91494,-0.47788,1.44752,-0.8257,0.04454,0.59712,0.03827,-0.38073,-0.96536,-0.18944,-0.34134,-1.21928,-0.52367
GUT_0057,-0.01089,-0.44323,0.87736,-0.08563,-0.46753,0.19535,1.43328,0.85119,-0.50495,-1.11017,-0.06796,0.02128,-2.56886,-0.50907,-1.39524,-0.63844,-0.72272,0.06344,0.46171,0.79826,-0.24427,1.20687,-0.62063,0.09517,1.22396,0.00493,-0.80282,-0.69094,-0.64484,0.21985,-0.56156,-0.10639
GUT_0058,-0.12283,0.3051,0.6004,0.5794,-0.70664,0.67533,1.25267,1.05128,-0.39956,-1.15504,-0.42263,-0.34941,-2.44021,0.29238,-1.3032,-0.65261,-0.58503,-0.47169,0.03812,0.75708,0.29211,1.3467,-0.9624,0.12549,1.12183,-0.14278,-0.89984,-1.20088,-0.77251,0.63246,-1.04484,-0.28955
GUT_0059,0.1411,-0.05902,0.67464,0.01557,-0.65589,-0.07213,1.18106,1.48797,-1.01359,-1.26433,-0.53934,0.33983,-1.66046,-0.31799,-1.46519,-0.46722,-0.49101,0.18529,0.59296,0.87531,-0.17769,1.47222,-0.54002,0.06798,0.42242,-0.30693,-0.58921,-0.96003,-0.91644,0.08249,-1.49387,-0.27497
GUT_0060,0.10464,-0.08645,0.65531,0.42782,0.06459,0.57459,1.25659,1.13507,-0.88555,-1.47188,-0.84109,0.11442,-2.0154,0.33724,-0.91484,-0.55785,-0.71634,-0.29714,0.5475,1.01195,0.33718,1.16148,-0.84373,0.44652,1.40517,-0.35917,-0.95501,-0.59975,-0.62746,0.73497,-1.215,0.05891
GUT_0061,-0.13324,-0.53366,0.83431,-0.02743,-0.76534,0.08527,1.04274,1.28539,-0.9344,-1.40104,-0.1316,-0.06675,-2.32644,-0.12688,-1.31991,-0.9043,-0.22454,-0.23634,0.25426,0.69619,-0.41795,1.11033,-1.20419,0.64499,0.929,0.22818,-1.09822,-1.043,-0.51775,0.23909,-1.06119,-0.52041
GUT_0062,0.14445,0.12595,0.94245,0.45338,-0.49491,0.2829,1.18405,1.16989,-0.8791,-1.4938,-0.48468,0.17208,-2.16589,-0.4311,-1.17073,-0.50344,-0.66422,-0.38333,0.33714,1.42232,0.09667,1.03132,-1.04538,0.51404,0.85019,0.22716,-0.67708,-0.66933,-0.86415,0.08323,-0.94687,-0.15056
GUT_0063,-0.02073,-0.12094,0.81556,0.03603,-0.57393,-0.16195,1.03872,1.41033,-1.13241,-0.92432,-0.69775,-0.44947,-1.96061,0.10223,-1.37172,-0.51545,-0.63323,-0.30357,0.4532,0.98476,0.00256,1.4629,-0.79592,0.42551,0.77332,0.12747,-0.86772,-0.8974,-0.05756,0.05672,-1.3754,0.18936
GUT_0064,0.06332,-0.36054,0.87488,0.28323,-0.37853,0.41665,0.79149,0.65034,-0.63264,-1.92916,-0.64309,-0.215,-2.16671,-0.26794,-0.98118,-0.64785,-0.51582,-0.55964,0.56856,1.63733,-0.55615,1.11053,-0.24917,0.47946,0.82949,0.28951,-0.66038,-1.08488,-0.6248,0.43401,-0.92379,0.06025
GUT_0065,0.50676,-0.3629,0.5271,-0.0908,-0.88596,0.51724,1.04079,0.77602,-0.46804,-1.04912,-0.77863,-0.28568,-2.35109,-0.61826,-1.49852,-0.82921,-0.58379,-0.45511,0.37529,1.38802,0.02825,1.71127,-0.44119,0.40951,0.60001,-0.24001,-0.74865,-1.02388,-0.69136,0.32262,-0.7036,-0.2262
GUT_0066,-0.04626,0.36131,0.32632,0.06459,-0.64745,0.33412,1.56558,1.19552,-0.73876,-0.98455,-0.81491,0.13025,-1.88015,-0.36319,-1.19463,-0.35762,-0.75488,-0.30022,0.33293,0.76328,-0.02747,1.15543,-0.25126,0.35668,0.85093,0.10423,-0.7178,-0.97153,-0.44342,0.07649,-1.13448,-0.07741
GUT_0067,0.12787,-0.04651,0.54279,0.13896,-0.62304,-0.10358,1.53912,1.01408,-0.94307,-0.89668,-0.4539,-0.11505,-2.04839,-0.08403,-1.03869,-0.88272,-0.68342,-0.52192,0.27637,0.46424,0.14241,1.07135,-0.52277,0.02696,0.93267,-0.20408,-0.74847,-1.32165,-0.60571,0.38511,-0.95614,-0.16641
GUT_0068,-0.09753,-0.25984,1.01023,0.24728,-0.45655,0.21613,1.12169,1.10724,-0.79675,-1.34965,-0.14381,-0.20413,-2.39543,-0.28121,-1.40874,-1.08516,-0.22617,-0.66941,0.18473,1.10658,-0.43947,1.32751,-0.72934,0.29232,0.86845,-0.25809,-0.88087,-0.6006,-0.16674,0.075,-0.73839,-0.44414
GUT_0069,-0.15252,-0.01714,0.55904,0.52031,-0.32581,0.27304,1.24818,0.8931,-0.45396,-1.36147,-0.6269,-0.14254,-2.00034,-0.30607,-1.40761,-1.1123,-0.3027,-0.46423,0.39403,0.9399,-0.17516,0.87083,-0.86134,0.08061,1.44807,0.43073,-0.63398,-0.30003,-0.1384,-0.11599,-1.33092,-0.14221
GUT_0070,-0.0805,0.32927,0.55264,0.38496,-0.17082,0.21529,1.4481,1.34533,-0.33917,-1.07748,-0.51335,0.06104,-2.00784,-0.07303,-1.21484,-0.85044,-0.88242,-0.35968,0.87774,0.92161,-0.28884,1.3063,-0.71841,0.21172,1.06428,0.17546,-0.44778,-0.77135,-0.4111,-0.30557,-0.96033,-0.37246
GUT_0071,-0.06492,-0.26792,0.34005,-0.03199,-0.45687,0.6563,1.43396,1.1495,-0.48096,-1.34633,-0.25999,-0.2966,-2.29419,-0.35023,-1.73727,-0.31752,-1.04368,-0.14396,0.85992,0.99173,-0.15738,0.89177,-0.72765,0.71424,0.77294,-0.14959,-1.32244,-0.60031,-0.35478,0.14469,-0.74892,-0.34185
GUT_0072,-0.09834,-0.05952,0.6963,0.12926,-0.5341,0.03493,1.26962,0.88646,-0.87097,-1.47381,-0.87371,-0.16103,-2.22276,-0.20968,-0.83204,-0.58143,-0.69302,-0.45108,0.36839,0.95501,-0.12761,1.85176,-0.70319,0.38451,0.60556,-0.28112,-0.77741,-1.02605,-0.4073,0.55944,-1.13723,-0.38032
GUT_0073,0.14011,-0.15852,1.11022,-0.31588,-0.7409,0.52429,1.59402,0.68981,-0.40902,-1.38318,-0.80484,-0.11621,-2.23657,-0.09764,-1.46461,-0.68078,-0.63978,-0.61449,0.83458,0.80063,-0.1029,1.07525,-0.77304,0.37423,0.94382,-0.16193,-0.77347,-0.83424,-0.08668,0.41973,-0.7414,-0.05092
GUT_0074,0.35236,-0.30396,0.36009,0.09396,-0.99017,0.16599,1.01911,0.84396,-0.37565,-0.68563,-0.47501,-0.19883,-2.14226,-0.11367,-1.3965,-0.512,-0.66515,-0.46116,0.42597,1.21388,-0.22061,1.45527,-1.12255,0.42458,0.78386,-0.03672,-1.37495,-1.28403,-0.89411,0.37156,-1.2401,-0.14085
GUT_0075,-0.13113,0.17052,0.70591,-0.20327,-0.41557,0.19564,1.42022,1.15362,-0.90797,-1.14251,-1.37614,0.17811,-2.81505,0.4126,-1.15737,-0.88565,-0.26094,-0.51241,0.44142,0.97129,-0.12824,1.22658,-0.55566,0.16655,0.9316,0.25114,-0.89238,-0.71282,-0.33629,0.14631,-1.13812,-0.22137
GUT_0076,0.09256,-0.18516,0.66712,0.45985,-0.30773,0.57399,1.43333,0.79613,-0.9689,-1.32231,-0.32673,0.34113,-2.68954,-0.66233,-0.8272,-0.37601,-0.7009,-0.3356,0.42413,1.31831,-0.25053,1.51441,-0.59675,0.42667,1.16697,0.13068,-1.06383,-0.69612,-0.57949,0.44465,-0.94343,-0.45368
GUT_0077,0.19328,-0.23318,0.89294,-0.07303,-0.62758,0.18662,1.10553,0.87964,-0.65018,-1.12524,-0.61051,-0.07244,-2.7148,0.01674,-1.37282,-0.63208,-0.81054,0.06226,0.58452,0.82035,-0.04152,1.70215,-0.70935,-0.07382,1.01767,0.55586,-1.14281,-0.66552,-0.51594,0.1974,-0.96168,-0.2061
GUT_0078,0.10422,-0.366,0.51274,0.84804,-0.74716,0.47381,1.38058,0.46709,-0.99054,-1.71947,-0.66149,-0.28734,-2.54934,-0.60257,-1.07761,-0.58305,-0.17267,-0.36027,0.59615,1.32491,0.39448,1.05408,-0.86778,0.10627,0.55681,0.27262,-0.56147,-1.27118,-0.72916,0.29862,-1.13254,-0.15192
GUT_0079,0.40741,-0.58957,0.97949,-0.01555,-0.81918,0.51232,1.05908,0.63277,-0.78998,-0.92512,-1.07775,-0.219,-2.74792,-0.51997,-1.28305,-1.06221,-0.46666,-0.28985,0.59218,1.52252,-0.37565,1.24623,-0.81627,0.23847,1.00431,0.24397,-0.86999,-0.5888,-0.52564,0.19122,-1.2321,-0.04218
GUT_0080,-0.41252,-0.19307,0.78874,0.00058,-0.55985,0.48973,0.84915,1.14576,-1.17716,-1.24154,-0.47953,-0.08416,-2.20824,-0.09533,-1.37884,-0.83836,-0.34329,-0.23968,0.56175,1.14522,-0.27087,1.10222,-0.92054,0.01752,0.40127,-0.05349,-0.9687,-0.90564,-0.5148,0.31348,-0.72816,-0.45441
GUT_0081,-0.09266,-0.43036,0.65533,0.17079,-0.60499,0.50218,1.38195,1.2,-0.69292,-1.22712,-0.34308,-0.06658,-2.20952,0.03004,-1.02025,-0.52431,-0.38799,-0.38683,0.65774,0.9168,-0.23357,1.31338,-0.52968,0.75389,1.23379,0.41261,-0.57054,-0.88283,-0.6746,0.07441,-0.97465,0.21762
GUT_0082,0.27113,-0.46716,0.47538,0.23402,-0.27976,0.21333,1.44374,0.47648,-0.57762,-0.90851,-0.67328,-0.11243,-1.65617,-0.20638,-0.90002,-0.89463,-0.84133,-0.69867,0.66065,0.62811,-0.62742,1.21313,-0.76231,0.28267,0.59344,-0.1078,-0.72922,-1.4049,-0.43323,0.37168,-0.6663,-0.09525
GUT_0083,0.49936,-0.10018,1.16226,0.25486,-0.67499,0.40778,0.86858,1.24985,-0.77207,-0.95722,-0.07093,0.04394,-2.31547,-0.25654,-1.15264,-0.17816,-0.22325,-0.25594,0.67675,0.52802,-0.09755,0.65908,-0.38412,-0.19068,1.04038,-0.1317,-0.10372,-1.23786,-0.53993,0.64334,-0.8987,-0.15734
GUT_0084,-0.06166,-0.1735,0.6295,0.28762,-0.51536,0.57327,0.93226,1.29975,-0.58929,-0.85554,-0.49023,0.01595,-2.28974,-0.50717,-1.30244,-0.68568,-0.51059,-0.72539,0.53433,0.79168,-0.1822,1.57928,-0.84177,0.32023,0.79343,0.22909,-1.03155,-1.30952,-0.97629,0.76418,-0.84015,0.19538
GUT_0085,0.01444,-0.4478,0.85216,0.03129,-0.47069,0.46633,1.45187,0.89389,-1.2811,-1.56243,-0.4819,0.52805,-2.33383,0.12615,-1.84008,-0.35974,-0.82816,-0.56967,0.33669,1.11668,-0.42797,1.61549,-1.02574,0.38552,0.68252,0.14736,-1.24789,-1.16655,-0.76999,0.44761,-1.56954,0.22355
GUT_0086,0.47051,-0.08465,0.00354,-0.09435,-0.32626,0.73668,1.05626,1.23027,-0.65998,-1.10492,-0.6764,0.42007,-2.75192,-0.05819,-0.86149,-0.53998,-0.61592,-0.18691,0.47698,0.97368,0.13887,1.70216,-1.00537,0.81613,0.91641,0.05133,-0.51189,-1.11353,-0.34068,0.13833,-1.01835,-0.11232
GUT_0087,0.42703,0.01132,0.76524,0.32614,-1.058,0.58891,1.88075,0.68851,-0.07422,-1.71294,-0.79764,0.2099,-2.47446,-0.44131,-1.20765,-0.62295,-0.32565,-0.38434,-0.09552,1.18566,0.19532,1.25115,-0.46851,0.0107,0.72288,-0.2026,-0.71949,-1.2146,-0.04366,0.3483,-0.99872,-0.03022
GUT_0088,-0.08341,-0.11028,0.53134,0.23954,-0.63245,0.37931,1.56653,0.74743,-0.74066,-1.32377,-0.77566,0.68105,-2.03269,-0.38347,-1.40646,-0.64693,-0.22763,-0.34191,0.62476,0.60574,-0.02744,1.69779,-0.6246,0.19265,1.18128,-0.15183,-0.81405,-0.76822,-0.6847,0.883,-1.057,-0.71228
GUT_0089,0.11655,-0.0089,0.80122,0.07962,-0.362,0.46111,1.54419,0.82814,-0.79803,-1.10635,-0.44598,0.03737,-2.29906,0.02155,-1.457,-1.0308,-0.34397,-0.21822,0.23707,0.97234,-0.31717,1.23705,-0.33354,0.36496,0.62627,0.22585,-0.61103,-0.93667,-0.47456,0.34662,-0.81681,-0.23333
GUT_0090,0.37088,0.06134,0.53525,0.81519,0.09215,0.09854,1.56148,0.69801,-0.69269,-0.87697,-0.42977,-0.25712,-2.19556,-0.83203,-1.64244,-0.72345,-0.75067,0.07803,0.445,1.36191,-0.09914,1.40884,-0.62199,0.84314,1.30787,-0.18564,-0.80847,-0.50022,-0.8342,0.67994,-0.85101,-0.46432
GUT_0091,0.56152,-0.07348,0.77899,0.2266,-0.5971,0.4609,1.14706,0.80378,-0.93467,-1.35892,-0.71692,0.08799,-2.41142,-0.63315,-1.52229,-0.79926,-0.41197,-0.38867,0.50932,0.65786,0.16879,1.25115,-0.86666,0.3612,1.01615,0.03751,-0.57849,-1.36325,-0.48274,0.43545,-0.88973,-0.28008
GUT_0092,-0.1566,-0.06661,0.67197,0.2794,-0.82097,0.76204,1.5219,1.52679,-0.68358,-1.4159,-1.07248,-0.07668,-2.64226,-0.72159,-1.46245,-0.79767,-0.58599,0.32991,0.80145,1.09153,0.05161,1.27222,-0.76863,0.47614,0.87563,0.49429,-0.55542,-1.18043,-0.83028,0.25998,-0.70852,-0.47054
GUT_0093,0.27607,-0.12459,0.55758,0.72702,-0.6091,0.07936,1.32493,0.63493,-1.10001,-1.02408,-0.76251,0.1641,-2.60187,-0.27885,-1.55327,-0.96813,-0.1064,-0.12868,0.58224,1.03737,-0.2153,1.35999,-0.77266,0.48055,0.88014,0.1436,-0.07414,-0.92228,-0.72949,0.61874,-1.26725,-0.46786
GUT_0094,-0.1264,-0.1068,0.99493,-0.12113,-0.48151,0.97289,1.27255,0.53031,-0.7983,-1.33499,-0.75287,0.47968,-2.2718,-0.20822,-1.10546,-0.69218,-1.02581,-0.14594,0.55005,1.14125,0.05649,1.64672,-0.31691,-0.04761,0.71455,-0.16016,-0.85724,-0.82958,-0.90409,0.38745,-1.38816,-0.45757
GUT_0095,0.20601,-0.6465,1.03079,-0.13642,0.00529,-0.02316,1.51991,1.08947,-0.76198,-1.62339,-0.74034,0.36373,-2.11049,-0.00374,-0.87283,-0.61059,-0.55972,-0.09807,0.58597,1.38694,-0.00911,1.51932,-0.4121,0.35158,0.6324,0.08527,-0.71864,-0.63981,-0.29443,0.09509,-0.9518,-0.28371
GUT_0096,-0.1354,0.13386,0.55469,0.21294,-0.63564,0.19602,1.14651,1.15837,-1.12816,-1.23597,-0.78417,-0.08542,-1.86919,-0.39406,-1.43019,-1.11896,-1.0118,-0.37665,0.24028,1.21524,-0.0779,1.13892,-0.29807,0.62638,0.90822,0.28991,-0.31527,-0.82331,-0.59449,0.24949,-0.96619,-0.13978
GUT_0097,-0.28729,-0.33223,0.37379,0.19353,-0.60283,0.44976,1.18041,0.76499,-0.4494,-1.16467,-0.68311,-0.3744,-2.64668,-0.51489,-1.26121,-0.97192,-0.27675,-0.1307,0.3704,0.82958,-0.25419,1.43923,-0.65994,0.29843,1.1967,0.00661,-0.77801,-0.78323,-0.39003,0.4904,-1.1327,-0.40385
GUT_0098,0.32371,0.04834,0.81718,-0.13887,-0.55986,0.22671,1.18726,0.97792,-0.32476,-0.7433,-0.82899,0.03113,-2.52626,-0.41374,-1.31349,-1.1377,-0.45438,-0.59819,0.36791,0.8429,0.04133,1.56653,-0.51406,0.33646,0.50109,-0.17092,-0.63293,-1.07423,-0.53793,0.34871,-0.4814,-0.39554
GUT_0099,-0.15582,-0.2183,0.57718,-0.00409,-0.40854,0.28918,0.78842,1.07895,-0.58357,-1.62426,-0.79233,-0.07922,-2.15559,-0.28149,-1.00825,-0.92168,-0.33122,-0.31589,0.31884,1.25083,0.07048,1.5103,-0.69728,0.61316,1.2019,0.01623,-0.71662,-1.30079,-0.62817,0.46359,-1.24848,-0.12568
GUT_0100,0.16058,-0.60139,0.53476,0.21049,-0.38381,0.47769,1.6216,1.01025,-1.17717,-1.42531,-0.57043,-0.12973,-2.23804,-0.14786,-0.84274,-0.90866,-0.84476,-0.62998,0.29268,1.1676,-0.16766,1.19414,-0.94231,0.29269,1.05847,0.37284,-0.43137,-0.74415,-0.38172,0.06427,-0.93183,0.16177
GUT_0101,0.12634,-0.0137,0.40893,-0.21529,-0.78152,-0.12534,1.51896,1.54299,-0.75591,-1.46391,-0.53434,0.43997,-2.30241,0.10225,-1.24829,-0.67408,-0.92335,-0.22888,0.17904,0.78066,-0.5202,1.51665,-0.09386,0.1713,0.83607,0.00386,-0.63322,-0.67586,-0.4669,0.12015,-1.45896,-0.05099
GUT_0102,-0.16778,-0.37865,0.52894,-0.11949,-0.34126,0.12378,1.17771,0.68545,-0.53102,-1.37318,-0.62194,0.17949,-2.3276,-0.25426,-1.05789,-0.6386,-0.51529,-0.41251,0.4524,0.86272,0.24537,1.4374,-0.55261,0.19118,0.84767,0.26658,-1.23079,-0.98937,-0.61817,-0.0633,-0.83952,-0.40116
GUT_0103,-0.344,0.12628,0.90696,-0.40622,-0.59266,0.4333,1.55845,0.81444,-0.74519,-1.07927,-0.84871,0.18686,-2.04876,-0.48097,-1.17107,-0.71276,-0.80687,-0.27836,0.34721,0.84407,-0.21883,1.12222,-0.56565,0.4539,1.09261,0.11911,-0.69075,-1.06149,-0.29484,0.06396,-0.86846,-0.32361
GUT_0104,0.53437,0.08191,0.52808,-0.24248,-0.91138,0.43167,1.34495,0.46458,-0.74346,-0.99617,-0.62967,0.03324,-2.61508,-0.04639,-1.42259,-0.87485,-0.25772,-0.56961,0.361,1.03999,-0.03224,1.75092,-0.66978,0.48204,0.88039,-0.3245,-0.46541,-0.73862,-0.15739,-0.04282,-0.97414,0.26614
GUT_0105,0.19975,-0.3721,0.58895,-0.08646,-0.27423,0.26077,1.28116,1.14569,-0.73674,-1.0055,-0.66537,0.22852,-2.57791,-0.22308,-1.61479,-0.94798,-0.72878,0.16693,0.14696,1.52708,0.03654,1.48193,-0.84749,0.55503,1.37526,0.33874,-0.64406,-0.90267,-0.28503,0.25999,-1.06143,0.0084
GUT_0106,0.65179,0.10794,0.51984,0.05815,-0.27052,0.15568,1.77108,0.89831,-0.66909,-1.15992,0.19103,0.01946,-2.46811,-0.31972,-1.08154,-0.30817,-0.79857,-0.40443,0.35681,0.946,0.24673,1.58788,-0.31109,0.23157,0.62927,0.08123,-0.93039,-0.86796,-0.1928,-0.32645,-0.825,0.32628
GUT_0107,-0.16873,-0.35033,0.66897,0.56104,-0.13342,0.39005,1.5607,0.25569,-0.79179,-1.32815,-0.47987,-0.1546,-2.54631,-0.44953,-1.10353,-0.63858,-0.63587,-0.08211,0.37639,0.88565,-0.30208,0.84294,-0.62413,0.52514,1.02801,0.75931,-0.83145,-1.24417,-0.0108,0.61168,-1.20568,-0.22392
GUT_0108,0.04151,0.06041,0.88626,0.60066,-0.63877,0.55524,1.56465,1.00763,-0.29797,-1.15473,-0.58742,0.57313,-2.51747,0.0799,-1.42952,-0.58265,-0.33999,-0.07718,0.77485,0.87631,-0.44003,1.4196,-0.58378,0.33182,1.52722,0.1262,-1.06301,-1.10005,-0.33919,0.19751,-0.7126,0.01391
GUT_0109,0.33078,-0.16129,1.03176,0.38745,-0.70964,0.47361,1.56479,1.30992,-0.5839,-1.04885,-1.11009,-0.02125,-2.32277,-0.47285,-1.24627,-0.79737,-0.83425,-0.17521,0.24664,0.94515,0.11395,1.20511,-0.31503,0.46937,0.69544,-0.26897,-0.72317,-1.10475,-0.75286,-0.09762,-1.13925,-0.32812
GUT_0110,-0.00654,-0.28779,0.45186,0.43038,-0.46778,0.89826,1.50193,1.03982,-0.38975,-0.97256,-1.02831,-0.15967,-2.38147,-0.14743,-1.17557,-1.11812,-0.44988,-0.20442,0.18682,0.75042,0.01405,1.25579,-0.45273,0.60464,0.99751,-0.26452,-0.96619,-1.37917,-0.58507,-0.00227,-0.61873,-0.04794
GUT_0111,0.57714,-0.35133,0.13655,-0.08314,-0.89586,0.56578,1.04734,1.07516,-0.32737,-1.49541,-0.65276,0.51858,-2.39202,-0.28294,-1.32378,-0.91978,-0.74271,-0.05491,0.72167,0.81708,0.37314,1.77842,-0.74243,-0.06226,0.64801,0.04334,-0.80394,-0.4921,-0.77724,0.19155,-1.05783,-0.00367
GUT_0112,0.121,-0.24775,0.778,0.24266,-0.7533,0.5746,1.38622,0.91787,-0.45918,-0.94408,-0.81476,-0.04879,-2.29826,0.19672,-1.14603,-0.67326,-0.04317,-0.37571,0.65626,0.87343,-0.10427,1.59522,-0.8443,0.18696,0.87059,0.46892,-1.15625,-1.07021,-0.2099,-0.32868,-0.53669,-0.16813
GUT_0113,0.33264,-0.2949,0.71165,-0.08005,-0.69449,-0.06763,0.59534,0.93309,-0.11297,-1.33863,-0.74491,0.1637,-2.49255,-0.3474,-1.56141,-0.96443,-0.27483,-0.52924,0.4622,0.95013,-0.34583,1.4441,-0.45854,0.04588,0.99069,0.29057,-0.82006,-0.94167,-0.45649,0.27109,-1.29161,-0.33814
GUT_0114,0.1041,-0.15028,0.44553,0.13818,-0.20875,0.16333,1.15011,0.90698,-1.00554,-1.41588,-0.99415,-0.42532,-2.24131,-0.00943,-0.8117,-0.77251,-0.30537,-0.38998,0.22798,1.20379,-0.19136,1.53107,-0.59207,0.10753,0.62822,-0.16499,-0.90835,-0.69484,-0.48586,0.57586,-0.87322,-0.25362
GUT_0115,0.39696,0.19401,0.58206,0.54209,-0.5518,0.35562,1.58912,0.95019,-0.8173,-1.35509,-1.0529,0.0218,-2.33003,0.08592,-1.08491,-0.91869,-0.34269,-0.24301,0.80316,1.26842,-0.15445,1.6274,-0.75846,0.11172,0.964,0.23323,-0.48212,-0.929,-0.44321,0.40148,-1.02774,0.19341
GUT_0116,0.05678,0.1449,0.61746,-0.23379,-0.34153,0.08049,1.62477,1.17324,-0.32739,-0.95192,-0.34945,0.22023,-2.40243,-0.24407,-1.24238,-0.68281,-0.67867,-0.49895,0.76662,0.74977,0.14144,1.87548,-0.91938,0.69922,0.87497,0.46054,-0.88389,-0.5978,-0.62949,-0.1068,-0.56717,-0.41747
GUT_0117,0.0473,0.16567,0.42416,-0.00406,-0.33785,0.1818,1.56266,1.2159,-0.2072,-0.74018,-0.80397,-0.13757,-2.55335,-0.22297,-1.27735,-0.78643,-0.83136,0.00884,0.04105,0.90811,0.07155,1.52329,-0.71695,0.58947,0.82093,0.58952,-0.4814,-1.1089,-0.24323,0.16546,-0.91333,0.09672
GUT_0118,0.05907,0.14143,0.75113,-0.0329,-0.87538,0.05555,1.37832,0.67526,-0.82737,-1.32702,-0.78356,-0.07043,-2.17324,0.06095,-1.12921,-0.57096,-0.41067,-0.42597,0.45799,0.61989,-0.10826,1.25956,-0.35581,-0.11298,0.63597,0.66383,-0.55976,-0.57603,-0.6549,-0.14326,-0.88901,-0.16911
GUT_0119,0.33931,-0.51896,0.51288,-0.44673,-0.39892,0.24528,0.9863,1.03695,-0.98009,-1.01336,-0.444,0.59999,-2.51321,0.01984,-1.35866,-1.03323,-0.0797,-0.58165,0.82429,0.95366,0.05259,1.25972,-0.85849,0.12643,0.79913,0.15553,-0.39314,-1.12014,-0.4506,0.15285,-1.03069,-0.46494
GUT_0120,0.11767,0.46914,1.01502,0.00365,-0.8594,-0.06581,1.53982,1.24805,-0.18454,-1.33108,-0.52592,-0.04435,-1.96884,0.01335,-1.43954,-0.68999,-0.79407,-0.2885,0.05776,1.09158,0.16963,1.68246,-0.97498,0.36428,0.56967,0.36696,-0.64172,-1.20544,-0.68609,0.36001,-1.43429,-0.19198
GUT_0121,0.05936,-0.10951,0.78488,-0.20728,-0.67612,0.56182,0.65123,1.19219,-0.36937,-0.7912,-1.21321,-0.07346,-2.4869,0.14403,-1.07907,-0.47617,-0.36048,-0.69729,0.51664,0.49806,-0.01806,1.41677,-0.7103,0.41114,1.08219,-0.10139,-0.65387,-0.55769,-0.35879,0.27787,-1.01325,-0.53363
GUT_0122,0.13579,-0.20668,0.55152,-0.04255,-0.71174,0.59468,1.64545,1.00761,-0.99253,-1.28197,-0.06814,0.11942,-2.374,-0.42358,-1.11336,-0.79209,-0.22324,-0.04462,0.54017,1.06133,0.00615,1.44538,-0.72364,0.68397,0.88029,-0.03968,-1.16291,-0.97544,-0.84115,0.41088,-1.21114,-0.43799
GUT_0123,0.05,0.04288,0.40842,0.36062,-0.35102,0.77149,1.19028,1.22938,-0.90773,-1.23905,-0.68224,0.38875,-2.21584,0.27131,-1.14588,-0.68736,-0.56053,-0.24755,0.23266,0.77625,-0.26109,1.27696,-0.79251,0.89852,0.85983,0.02151,-0.4275,-0.69489,-0.63832,0.43545,-0.75451,-0.41539
GUT_0124,0.35386,-0.31611,0.94173,0.24347,-0.76245,0.303,1.76449,1.04682,-1.17509,-1.57455,-0.24416,0.02906,-2.28161,-0.50947,-0.85995,-0.76005,-0.69428,-0.3463,1.16506,1.05065,-0.03434,1.00885,-0.82195,-0.11331,1.14317,-0.0757,-0.85515,-0.8899,-0.36639,0.73582,-1.00324,0.05539
GUT_0125,-0.05221,-0.14636,0.70534,0.36929,-0.30507,0.22096,1.3782,1.21745,-1.03757,-1.43383,-0.94094,0.19352,-2.33074,-0.43639,-1.11844,-0.82132,-0.29752,-0.36514,0.49433,0.69533,-0.01525,1.27181,-1.08814,-0.10127,0.66008,0.28992,-1.2732,-0.62776,-0.50121,0.2787,-0.82115,-0.40694
GUT_0126,-0.02153,0.08184,0.67108,0.29383,-0.32074,0.4618,1.49733,0.66612,-1.031,-0.9022,-0.71782,0.20418,-2.05064,-0.12688,-1.04399,-1.03567,-0.8728,-0.60568,0.25962,0.39132,-0.22939,0.90347,-0.41605,0.45964,1.025,-0.39025,-0.84157,-0.55803,-0.636,0.43463,-1.23147,-0.24751
GUT_0127,0.45463,-0.14427,0.25676,-0.25814,-0.32825,0.4367,1.66788,0.82805,-0.61477,-1.43928,-0.45706,-0.47921,-2.31564,-0.44051,-1.27828,-0.47861,-0.44742,-0.15958,0.21321,0.37454,-0.41001,1.4319,-0.95749,0.44427,0.44303,0.05481,-0.41046,-0.79605,-0.67011,0.38997,-1.04291,-0.36519
GUT_0128,-0.36419,-0.29236,1.02611,0.07609,-0.0407,0.54999,1.54116,0.53076,-0.82308,-0.88831,-0.28,0.09038,-2.49094,-0.44323,-1.31398,-0.75899,-0.78943,-0.5597,0.55332,1.35939,-0.02485,1.39563,-0.32371,0.05108,0.86282,-0.0053,-0.87443,-1.16161,-0.20765,0.36805,-1.06757,0.17375
GUT_0129,-0.10838,0.28712,0.59551,0.18283,-0.62407,0.6364,1.44099,1.06865,-0.66445,-1.05061,-0.49492,0.19666,-2.68195,0.08638,-0.9731,-0.55859,-0.61444,-0.30527,0.14446,0.92311,0.37252,1.33824,-0.80198,0.42611,0.8746,-0.17018,-0.61889,-1.02788,-0.44149,0.51946,-0.9405,0.12906
GUT_0130,-0.06246,-0.10802,0.38458,0.22014,-0.15877,0.30926,1.27626,1.42667,-0.4805,-1.12112,-0.37989,0.08632,-1.93055,0.01759,-1.83203,-0.54114,-0.44125,-0.69319,0.698,1.03106,-0.26628,0.85013,-0.66852,0.35435,1.06041,0.15673,-0.74803,-1.11231,-0.53479,0.36114,-1.42978,-0.33561
GUT_0131,0.29578,0.32296,0.56147,0.04691,-0.63319,-0.17064,1.60602,1.03152,-0.52659,-1.25558,-0.40855,-0.01584,-2.14768,-0.37182,-0.94049,-1.01917,-0.36759,-0.24875,0.62009,0.97868,-0.30241,1.23519,-0.73291,0.31837,0.66699,0.02056,-1.20418,-1.01749,-0.50184,0.70934,-0.61272,0.09812
GUT_0132,-0.29649,-0.21518,0.53817,-0.07688,-0.31012,0.29921,1.10841,0.53756,-0.35862,-1.02096,-0.63408,0.15042,-2.34984,-0.03219,-1.16147,-0.84042,-0.69609,-0.63152,0.32711,1.33057,-0.57082,1.48289,-0.55046,0.19948,0.50976,-0.05705,-0.89327,-0.78002,-0.33231,0.15041,-0.86312,-0.41369
GUT_0133,0.04574,-0.15107,0.30271,0.0579,-0.41495,0.24294,1.66891,1.11047,-0.68396,-1.02805,-0.31506,0.35356,-2.57144,-0.39258,-1.23958,-0.91512,-0.05175,-0.78547,0.46235,0.67525,-0.39857,1.69014,-0.69414,0.38185,1.02189,-0.0238,-0.59494,-0.76971,-0.4552,0.13025,-0.95591,0.03047
GUT_0134,-0.20602,0.08736,0.4844,0.33717,-0.40403,0.68003,1.41122,0.72664,-0.11644,-0.95387,-0.61803,-0.12375,-2.58788,0.17097,-1.30191,-0.64685,-0.32906,-0.23582,0.54771,1.01311,0.05476,1.62605,-0.68676,0.44068,0.82105,0.16435,-0.40414,-0.82394,-0.5454,0.20805,-1.27407,-0.27311
GUT_0135,-0.30605,0.05078,0.69665,-0.31576,-0.42789,0.45899,1.46793,0.63427,-0.82277,-1.15586,-1.0224,0.4149,-2.23485,-0.33474,-0.90851,-0.42938,-0.63766,-0.54803,0.6084,1.72517,-0.06494,1.27841,-0.94184,0.54858,0.58837,0.25262,-0.61289,-0.85854,-0.52082,0.74251,-0.98962,0.25193
GUT_0136,0.01271,-0.00131,0.65625,0.05657,-0.83628,0.39164,1.86239,1.40186,-0.73519,-0.77696,-0.5744,-0.1572,-2.33755,-0.08907,-1.05335,-0.6799,-0.53485,-0.15813,0.4463,0.79156,-0.15911,1.36998,-0.77545,0.46565,0.94203,-0.06445,-0.42006,-1.01583,-0.39445,0.19297,-1.19306,-0.06904
GUT_0137,0.60496,-0.113,0.59088,-0.6105,-0.40118,0.19768,1.11871,0.80568,-0.58912,-1.33256,-0.68614,-0.03524,-2.33183,-0.29815,-1.4254,-0.99981,-0.3085,-0.19461,0.40244,0.87741,0.30121,1.26553,-0.49747,0.05127,1.17341,0.26828,-0.96292,-0.90093,-0.71434,0.14067,-1.3302,-0.16156
GUT_0138,0.02842,-0.05391,0.19507,0.13584,-0.65422,0.36869,0.62073,0.67799,-0.78755,-1.07611,-0.95546,-0.29478,-2.40617,-0.35003,-1.18816,-0.92726,-0.53154,-0.57609,0.42151,1.26393,-0.27961,1.23873,-0.31868,0.13421,0.63144,-0.31422,-0.96087,-0.95692,-0.57953,0.7577,-1.22073,-0.45178
GUT_0139,0.00667,-0.09846,0.68124,-0.0093,-0.55438,0.06074,0.66472,0.82957,-0.49077,-1.28566,-0.89102,-0.0355,-2.01043,-0.4716,-1.23663,-0.71505,-0.32602,-0.48242,0.69909,0.92297,0.04478,1.62592,-0.23966,0.79017,0.65771,0.45309,-1.12503,-1.05475,-0.39152,-0.11063,-0.99422,-0.08633
GUT_0140,0.43688,-0.11994,0.84987,0.35762,-0.07311,0.33623,1.44511,0.9233,-0.74849,-1.47507,-0.37365,-0.19539,-2.62921,-0.25965,-1.38322,-0.16089,-0.47907,0.23505,0.05929,0.86349,0.21036,1.20835,-0.83428,0.48425,0.72822,-0.08187,-0.55014,-0.99273,-0.42309,0.50686,-0.69817,0.00544
GUT_0141,-0.10475,0.32272,0.73541,0.03891,-1.06836,0.62715,1.51651,0.76655,-0.60421,-1.03329,-0.95675,0.22978,-2.26908,-0.44514,-1.34574,-0.835,-0.71761,-0.4039,-0.06083,0.99752,0.32365,1.45271,-0.8393,0.47072,1.06768,0.21838,-0.47138,-1.17089,-0.20367,-0.07493,-0.96852,-0.6081
GUT_0142,0.17292,0.58254,0.19744,0.13172,-0.48461,0.35024,1.45533,0.59787,-0.30176,-1.13946,-0.45052,0.02266,-2.11732,-0.55941,-1.01723,-0.88325,-0.45483,-0.13601,0.59191,1.26163,-0.019,1.03383,-0.39568,0.43228,0.97636,-0.25172,-0.75117,-0.79901,-0.34781,0.26519,-0.72832,-0.47144
GUT_0143,0.18908,0.00038,0.69,0.14027,-1.04611,0.48086,1.22619,1.3821,-1.01483,-1.54091,-0.53534,-0.4229,-2.52289,0.13233,-1.13582,-0.83325,-0.09799,-0.21333,0.47958,0.90794,0.19684,0.94894,-0.35078,0.59113,0.91402,0.60042,-0.67422,-0.83429,-0.67041,0.10356,-0.85553,-0.05757
GUT_0144,0.44651,-0.18976,0.73524,-0.2786,-0.32269,0.29417,1.70787,1.101,-0.58706,-1.71519,-0.99769,0.01396,-2.48868,-0.35168,-1.33798,-0.94577,-0.32673,-0.21223,0.80665,0.7902,0.40101,1.22837,-0.61661,0.8394,1.17565,-0.29165,-0.52885,-0.53765,-0.34709,0.38611,-1.25011,-0.21728
GUT_0145,-0.07561,-0.24321,0.43041,-0.08696,-0.70973,0.70806,1.66774,1.55091,-0.89531,-1.1765,-0.59312,-0.0985,-2.52339,0.00985,-1.00432,-0.21988,-0.82483,0.03931,0.28198,0.78274,0.09469,1.35183,-0.2579,-0.10055,1.19241,-0.14657,-0.9266,-1.43682,-0.30703,0.12051,-0.69704,-0.14006
GUT_0146,-0.15467,-0.4636,0.7655,-0.17051,-0.68832,0.36236,1.23515,0.9648,-0.52847,-1.14384,-0.89941,0.03784,-2.69662,-0.29383,-1.13809,-0.82045,-0.43494,0.03307,0.7625,0.49323,-0.29984,1.33439,-0.39973,0.25417,1.33677,0.24698,-0.96523,-1.14078,-0.65119,-0.19299,-1.07894,0.14028
GUT_0147,-0.02696,-0.33888,0.53633,-0.12161,-0.04453,0.29071,1.55814,1.02763,-0.84427,-1.01132,-0.47986,0.13631,-2.32888,-0.14983,-1.10483,-0.29889,-0.61328,-0.42882,0.12538,1.01293,-0.03915,1.81698,-0.93874,-0.1687,0.76821,0.02729,-0.9245,-0.35225,-1.17435,-0.06044,-1.14442,-0.09707
GUT_0148,0.27253,-0.21348,0.21962,0.10579,-0.81116,-0.21,1.08846,0.84302,-0.71065,-1.26478,-0.59547,0.43374,-2.2565,-0.15363,-0.88423,-0.44231,-0.75266,-0.21787,0.21366,1.05357,0.25318,1.39831,-0.75309,0.02033,1.00109,0.07148,-0.5359,-0.73691,-0.26422,0.51479,-1.0453,0.13388
GUT_0149,-0.14273,-0.57336,0.58518,0.03333,-0.30768,0.16782,1.00264,0.97932,-0.5836,-1.47424,-0.59189,-0.25763,-2.29346,-0.22646,-1.86982,-0.61339,-0.59196,-0.56236,0.88146,1.15956,-0.23987,1.21254,-0.60018,0.56603,0.93544,0.23485,-0.98142,-0.97531,-0.1995,0.24943,-0.85834,-0.28018
GUT_0150,-0.07532,-0.46139,0.71466,0.071,-0.32525,0.24317,0.90986,0.95769,-0.92755,-1.42903,-0.35927,0.15442,-2.44035,-0.22855,-1.54476,-1.07485,-0.40669,-0.02894,0.51124,0.77953,-0.16041,1.34222,-0.68074,0.01815,1.01921,0.04416,-1.02449,-1.38489,-0.76274,0.02376,-0.9531,-0.01645
GUT_0151,-0.02003,0.59822,0.27569,0.13292,-0.85579,-0.48236,0.79445,2.20394,-1.14765,2.02424,1.14476,0.81882,0.52062,-0.01216,1.01714,1.83979,2.04651,1.72655,0.18514,-1.40938,-0.36333,0.61613,-1.47507,0.82054,0.78206,0.74336,-0.84838,-0.47422,-0.42351,-0.98749,1.92411,-0.48966
GUT_0152,-0.10571,0.87683,0.0577,0.31571,-0.35462,-0.25485,1.02023,1.23636,-1.34573,1.45369,1.70613,0.80358,-0.04856,-0.62708,1.94993,2.09517,1.68828,1.52501,0.18779,-1.1127,-0.16279,0.68885,-1.58499,0.49167,0.69275,0.65079,-1.03648,-0.85183,-0.50072,-1.12024,1.94808,-0.47875
GUT_0153,-0.19365,0.25073,0.4155,-0.09077,-0.59631,-0.19164,0.71129,1.48637,-1.10027,1.59133,1.01018,1.0445,0.00793,-0.37293,1.60233,1.92999,1.57277,1.13005,0.23691,-0.84392,-0.33888,0.91876,-1.62148,0.26299,0.55203,0.49972,-1.20811,-0.73683,-0.67603,-0.75892,1.69583,-0.11134
GUT_0154,-0.16392,0.50797,0.49368,0.58295,-0.3427,0.07701,0.72129,1.38182,-1.3886,1.22274,1.59831,0.98137,0.34614,-0.41584,1.25996,1.85846,1.74592,1.4437,0.51832,-1.60101,0.01702,0.695,-1.21197,0.13125,0.48989,0.61462,-1.0571,-0.5719,-0.26329,-0.79851,1.85931,-0.3523
GUT_0155,-0.28505,0.53356,0.13392,0.75784,-0.64145,-0.4351,0.37049,2.15821,-1.26192,1.76444,1.51244,1.22471,0.25076,-0.90855,1.14461,1.90781,1.65614,1.47001,0.2374,-0.73676,-0.16107,0.75844,-1.66541,0.64559,0.03364,0.72309,-1.22573,-0.98328,-0.65549,-1.0659,1.57137,-0.3534
GUT_0156,-0.31362,0.73953,0.10575,0.05084,-0.58304,0.12151,0.61498,1.46685,-1.34901,1.75552,1.17851,0.57514,0.08812,-0.11241,1.41188,2.17923,1.74759,1.31809,0.13099,-1.23825,-0.39207,0.68737,-1.54116,0.40319,0.46424,0.8363,-1.20841,-0.77623,0.118,-0.83975,1.835,-0.75153
GUT_0157,0.07298,0.46738,0.18257,0.78726,-0.33048,-0.00994,0.72494,1.19467,-1.01857,1.50228,1.33467,0.27075,-0.00966,-0.81276,1.47484,1.93058,1.34411,1.30036,0.13354,-1.81827,0.12507,1.13351,-1.45097,0.55094,0.42148,0.59384,-0.6511,-0.95653,-0.27073,-1.49443,1.46371,-0.31695
GUT_0158,-0.29491,0.59525,0.03334,0.47568,-0.88551,-0.13822,0.69482,1.21017,-1.60225,1.35765,0.7517,1.35887,0.49294,-0.20709,1.88557,1.40625,1.97682,0.92086,0.4404,-1.22404,-0.41154,0.82237,-1.00559,0.463,0.47436,0.73705,-1.51801,-0.6757,-0.25932,-1.09438,2.12951,-0.44738
GUT_0159,0.00371,0.42357,0.36485,0.5601,-0.8002,0.07207,1.03767,1.19681,-1.26603,1.70747,1.37083,0.97746,0.15223,-0.6257,1.4899,1.46725,1.8704,1.68853,0.45429,-1.31179,-0.15793,0.64764,-0.77176,0.5923,0.40163,0.6067,-1.13318,-0.19863,-0.6891,-1.34266,1.60638,-0.51157
GUT_0160,0.01454,0.12976,-0.13142,0.29423,-0.64063,-0.03374,0.61792,1.4298,-1.54809,1.25902,1.32735,1.02888,-0.05862,-0.04535,1.39329,1.74273,1.9818,1.24217,0.40317,-1.2562,-0.04852,0.60925,-1.1564,0.18809,0.74888,0.92079,-1.0051,-0.56193,-0.38116,-0.85774,1.95476,-0.42996
GUT_0161,0.25004,0.90554,0.17401,0.72456,-0.71303,0.09506,0.93726,1.4851,-1.08751,1.7151,1.28588,0.81876,0.03004,0.3228,1.2669,2.07906,1.83437,1.57518,0.23403,-0.95676,0.34161,0.74262,-1.36939,0.55156,0.14235,0.73749,-0.85462,-0.60827,-0.99568,-1.34926,1.72926,-0.59829
GUT_0162,0.03913,0.55303,-0.44401,0.60158,-0.7117,-0.15788,0.459,1.61034,-1.43995,1.4318,1.05721,0.23669,0.59252,-0.58745,1.26088,1.94368,1.97777,1.16943,0.48016,-0.75241,0.09566,0.49232,-1.00059,0.17676,0.32239,0.83378,-1.07726,-1.0512,0.07456,-1.01587,2.06946,-0.49415
GUT_0163,-0.17324,0.53131,0.40398,0.01303,-0.43577,-0.21641,0.63936,1.56586,-1.7491,1.66322,1.13615,0.88409,0.39393,0.47063,0.79199,1.73351,2.28966,1.07069,0.30823,-1.27389,-0.16242,1.14696,-1.28843,0.28567,0.77374,0.57583,-1.21424,-0.71008,0.02212,-1.28064,1.40733,-0.33177
GUT_0164,-0.08508,0.45478,-0.09842,0.34902,-0.9382,-0.09703,0.49025,1.40101,-0.81233,1.29795,1.35056,1.04529,0.5405,-0.15083,1.44739,2.25276,1.70055,1.82993,0.41002,-1.5997,0.61165,0.54184,-1.17747,0.62603,0.68881,0.5112,-1.31643,-0.64019,0.30941,-1.05215,1.72913,-0.43445
GUT_0165,-0.18928,0.38709,0.0663,0.20953,-0.43115,-0.00517,0.96224,1.9314,-1.31487,1.78864,1.46186,0.66836,0.14306,-0.39281,1.48209,2.19762,2.05894,1.39482,0.62181,-1.14122,0.08318,0.62574,-0.78773,0.8036,0.30704,0.91378,-1.12405,-0.71841,-0.25139,-1.12467,1.77933,-0.55249
GUT_0166,-0.32487,0.5204,0.43451,0.7564,-0.56391,-0.42616,0.60147,1.60058,-1.38254,1.23888,1.26899,0.77766,0.36711,-0.5452,1.42267,2.11895,1.97418,1.59902,0.48905,-1.18027,0.53103,0.6445,-0.87672,0.26505,0.71962,0.33327,-0.99603,-0.82415,-0.51541,-1.23463,1.58772,-1.18603
GUT_0167,-0.50473,0.84365,0.63118,0.33878,-0.70603,-0.43658,0.88295,1.2413,-0.77932,1.47352,1.47923,0.56256,0.11707,-0.21776,1.18841,2.17207,1.6005,1.39211,0.12812,-0.98167,-0.36622,0.63873,-1.31705,-0.08135,0.23137,0.72718,-1.45787,-0.73304,-1.11651,-1.15469,1.50074,-0.79079
GUT_0168,-0.29917,0.61808,0.43635,0.46572,-0.71445,0.17467,0.54558,1.38564,-2.00685,1.50783,1.2162,1.06446,0.14445,-0.46722,2.03162,2.06477,1.60445,0.92113,0.02156,-0.92831,-0.00154,0.78538,-1.20645,0.22739,0.28244,0.89063,-1.25485,-0.75162,-0.50777,-1.15339,2.07321,-0.40404
GUT_0169,-0.40458,0.85246,0.32841,0.4308,-0.70368,0.2626,0.87601,1.39606,-1.35794,1.4442,1.56757,0.94177,0.40347,0.16323,1.57455,1.98307,1.97739,1.46732,-0.05658,-1.46245,0.18885,0.87515,-1.34919,0.28606,0.10314,0.73398,-1.10119,-0.49359,-0.534,-1.31137,1.98728,-0.52383
GUT_0170,-0.27796,0.86961,0.54917,0.29257,-0.53535,-0.11224,1.30421,0.85511,-1.27796,0.69588,1.53299,1.17443,0.23762,-0.27564,1.58614,2.26033,1.26875,1.22871,0.43631,-1.30415,-0.16941,0.43169,-1.36065,0.45459,0.72058,0.72125,-1.41111,-0.62943,-0.17099,-1.30512,1.71812,-0.30228
GUT_0171,-0.15276,0.6683,-0.27304,0.41654,-0.75799,-0.15164,1.03366,1.6306,-0.69757,1.64188,0.85734,0.62935,0.35924,-0.28945,1.77282,1.4984,1.90858,1.34741,0.41106,-1.25605,-0.06932,0.29771,-0.83716,0.15243,0.67927,0.6427,-1.22549,-0.19368,-0.48527,-0.88308,1.71049,-0.3492
GUT_0172,-0.33873,0.74165,0.32972,0.44203,-0.70324,-0.07292,1.00769,1.54077,-1.20685,1.16447,1.19136,0.61057,0.04515,-0.25132,1.91074,2.29731,1.93756,1.07027,0.50881,-0.79867,-0.2753,0.45795,-1.94349,0.0098,0.91621,1.18387,-0.9827,-0.5587,-0.5733,-0.95716,1.69418,0.00285
GUT_0173,-0.11447,0.38689,0.51804,0.25793,-0.98249,0.18281,0.99304,1.49632,-1.13536,2.16013,0.76021,0.76372,0.3771,-0.38195,1.25317,2.34324,2.3809,1.56685,0.68832,-1.37979,-0.06744,0.75117,-1.07371,0.33212,0.77237,0.79295,-0.9543,-0.25885,-0.27702,-1.38796,1.43515,-0.64507
GUT_0174,-0.2651,0.6147,0.2415,0.49719,-0.76308,0.15513,0.21331,1.57972,-1.23721,1.66411,1.7929,1.0124,0.31956,-0.41705,1.62688,1.9063,1.69465,1.60797,0.42789,-1.10381,0.00217,0.44872,-1.79726,0.52135,0.60122,0.75326,-1.45195,-0.77851,-0.4509,-1.52981,1.70302,-0.44546
GUT_0175,-0.24125,0.36663,-0.10059,0.01786,-0.67366,-0.31699,1.29172,1.52264,-1.18806,1.50283,1.18235,0.98215,0.39569,-0.16249,1.56299,1.51223,1.94452,1.25893,0.36382,-0.96412,-0.07546,0.34121,-1.17215,0.9124,0.11096,0.77986,-1.27518,-0.35247,-0.43526,-1.49426,1.23152,-0.13417
GUT_0176,-0.20495,0.54042,0.01313,0.29952,-0.4728,-0.44335,1.05422,1.33525,-1.19714,1.88451,1.09123,0.77332,0.37525,-0.08245,1.25496,2.32238,1.31684,1.37366,0.08847,-1.24958,0.19321,0.59111,-1.03394,0.44428,0.59101,0.82614,-1.71467,-0.25481,-0.81785,-1.11461,1.82106,-0.91113
GUT_0177,-0.37733,0.61751,0.27221,0.37583,-0.60145,-0.46906,0.88758,1.19714,-1.36467,1.37573,0.99836,0.92484,0.65997,-0.39472,1.63167,1.76516,1.94,1.72812,0.54659,-1.47402,0.02144,0.56637,-1.3568,0.87111,0.29066,0.50273,-1.01393,-0.87533,-0.70928,-1.68723,1.41047,-0.65695
GUT_0178,-0.11474,0.91263,0.34655,0.28115,-0.62669,0.42569,0.83576,1.69866,-0.9037,1.38562,1.54995,0.90102,0.18595,0.05758,1.24503,1.89446,1.72301,0.98436,0.63089,-1.26224,-0.31364,0.50049,-1.48137,0.74613,0.58893,0.99975,-1.13152,-0.5474,-0.66531,-0.99812,1.64945,-0.37224
GUT_0179,0.22477,0.44484,0.75431,0.39825,-0.62519,0.0244,0.9625,1.66869,-1.24296,1.65157,1.16748,0.48664,0.7125,-0.16464,1.48357,1.59096,2.13049,1.32081,0.03402,-1.28872,0.19469,0.72178,-0.98967,-0.44777,0.71607,0.5635,-1.08814,-0.73963,-0.29292,-0.98376,2.01659,-0.44356
GUT_0180,-0.31785,0.53472,0.51192,-0.16073,-0.27649,-0.16088,1.03584,1.45011,-1.61711,1.1255,1.18485,0.42914,0.46696,-0.69173,0.99575,2.17651,1.74239,1.06039,0.17911,-1.26309,-0.03266,0.54784,-1.93995,0.16383,0.07249,0.63034,-1.10469,-0.68741,-0.51335,-1.22872,1.24631,-0.31209
GUT_0181,-0.1107,0.308,0.12011,0.279,-0.87901,0.24221,0.87897,1.89701,-1.01734,1.57744,1.27268,0.80868,0.14035,-0.5474,1.21356,2.03679,1.48525,1.27041,0.00099,-0.90317,-0.03576,0.6013,-1.2253,0.29265,0.09032,0.57857,-0.81722,-0.58687,-0.15323,-0.54294,1.80384,-0.54025
GUT_0182,-0.4173,0.20916,0.03983,0.42044,-0.73908,-0.22554,0.49095,1.37244,-1.24086,1.05701,1.13642,1.32122,0.54003,0.0094,0.94438,1.92738,1.92166,1.30162,0.57388,-1.10926,0.13993,0.91465,-1.72165,0.48132,0.13733,0.80577,-0.85581,-0.68171,-0.83486,-1.51246,1.72777,-0.65335
GUT_0183,0.30195,0.53804,-0.06242,0.91295,-0.72798,0.24452,1.15424,1.4564,-1.08488,1.76083,1.69344,0.71596,-0.0046,-0.02197,1.60676,1.49532,2.06953,0.97146,0.26926,-1.35508,-0.07336,0.64932,-1.52072,0.65291,0.5707,0.85758,-0.86433,-0.34501,-0.38399,-1.11968,1.59915,-0.39231
GUT_0184,-0.04481,0.28477,0.58672,0.81998,-0.46351,-0.38799,0.80804,1.2405,-1.44591,1.28986,1.31631,0.80755,0.24637,-0.236,1.20404,2.24224,2.06601,1.16198,0.46492,-1.36926,-0.21271,0.64307,-1.05176,0.33465,0.50057,0.76879,-1.51787,-1.37294,-0.79379,-1.32173,1.53768,-0.73422
GUT_0185,0.10192,0.88199,0.35501,0.16426,-0.52308,-0.59255,1.00439,1.71156,-1.47554,1.58616,1.42355,0.81613,0.71496,-0.27831,1.15666,1.66318,2.08229,0.91602,0.40621,-1.59832,0.13832,0.62432,-1.03714,0.02407,0.05581,0.62173,-1.3247,-0.36079,-0.46528,-1.15931,1.66242,-0.16163
GUT_0186,-0.50395,0.12903,0.68556,0.67515,-0.40699,-0.33908,0.90876,1.6134,-1.25057,1.68125,1.63031,0.96758,0.58686,-0.03837,1.39348,2.11043,1.51143,0.91344,0.62748,-1.43165,0.07294,0.48176,-1.2791,0.72489,0.74302,0.66158,-1.05459,-0.71912,-0.31007,-1.4163,1.97019,-0.3946
GUT_0187,-0.25476,0.2153,0.20923,0.42012,-0.45868,-0.16475,1.06193,1.59751,-1.43945,1.46917,1.71049,0.33043,0.58051,-0.48244,1.67318,1.84571,2.02098,1.48994,-0.10225,-1.64826,-0.11172,0.37084,-1.55131,0.59415,0.29178,0.52335,-1.31785,-0.94031,-0.57613,-1.39308,2.15887,-0.15861
GUT_0188,0.01029,0.49686,0.20759,0.31813,-0.2297,0.12203,0.68673,1.24344,-1.48798,1.54633,1.47972,0.86489,0.04667,-0.25754,1.6601,1.44926,1.535,1.04427,0.22744,-1.26287,-0.19645,0.65813,-1.98757,0.42397,0.21489,1.11291,-1.58741,-0.99462,-0.66766,-0.87023,1.38032,-0.46618
GUT_0189,-0.50984,0.52218,0.18227,0.26331,-0.85374,0.03444,0.83619,1.73642,-1.0417,1.31355,1.19514,1.22436,-0.285,0.00866,1.85724,1.96515,1.94886,2.08203,0.14858,-0.9224,0.14952,0.532,-1.02607,0.58805,0.30071,1.016,-1.29704,-0.66473,-0.35724,-0.71686,2.08598,-0.25193
GUT_0190,-0.59184,0.33327,0.48183,0.55914,-0.2667,0.26342,0.74689,1.21806,-1.62728,1.64381,1.47584,1.36135,0.21454,-0.07357,2.03716,2.18179,2.39296,1.63603,0.18978,-1.51351,0.043,0.90095,-1.36602,0.71394,0.53067,0.66885,-1.20693,-0.72011,-0.45931,-1.20297,1.87087,-0.82043
GUT_0191,-0.60775,0.51811,-0.46199,-0.00556,-0.81737,-0.54942,0.77019,1.73336,-1.30942,1.21032,1.57881,0.92499,-0.05446,-0.12321,1.45576,1.97164,1.7108,1.16926,0.14406,-1.21115,-0.16729,0.5391,-1.16685,0.31903,0.08682,0.45446,-0.9604,-0.25879,-0.4541,-1.2682,1.63866,-0.42305
GUT_0192,-0.19547,0.51011,0.3543,0.6339,-0.7561,-0.31488,0.79512,1.54324,-1.27224,1.97816,1.50317,1.11222,0.55668,-0.69403,1.29203,1.91525,1.82194,1.37598,0.13773,-1.08468,-0.24845,0.81273,-0.94678,0.46345,0.50677,1.26383,-1.1499,-0.82747,-0.66159,-1.296,1.83977,-0.65936
GUT_0193,-0.44315,0.39764,0.31498,0.29509,-0.52407,-0.001,1.28412,1.96335,-1.15588,1.75329,1.40688,0.62017,0.49975,-0.69361,2.24095,1.83365,1.66944,1.25793,0.23849,-1.7371,0.39681,0.43446,-1.56168,0.22296,0.52897,1.00827,-1.1133,-0.20096,-0.11684,-1.19021,1.48849,-0.25735
GUT_0194,-0.00275,0.59555,0.13732,0.1253,-0.2877,0.0253,0.95108,1.33666,-1.08665,1.27757,1.16477,1.16348,0.7678,-0.0992,0.98856,2.10594,1.54029,1.49174,0.71989,-1.23622,-0.44858,0.58343,-1.55687,0.37304,0.3167,1.07345,-1.75429,-0.83206,-0.54141,-1.34475,1.70758,-0.40135
GUT_0195,-0.63963,0.50052,0.10846,0.59323,-0.71802,0.18491,0.4268,0.91796,-1.12202,1.81657,1.18514,0.90729,0.19864,0.19876,1.70803,2.03321,1.84805,1.71444,0.40328,-1.15284,0.02297,0.78199,-0.68595,0.32805,0.6259,0.46437,-1.10176,-1.07795,-0.04284,-0.92291,1.76524,-0.79891
GUT_0196,-0.43643,0.36668,0.05103,0.21135,-0.74471,-0.07047,0.48425,1.74073,-1.27933,1.50665,1.69698,1.08768,0.28411,-0.41633,1.56237,1.88856,2.07372,0.99302,0.2435,-1.31837,-0.0655,0.66565,-1.39848,0.07679,0.42543,0.92419,-1.73308,-0.62943,-0.39104,-0.9195,1.59512,-0.4919
GUT_0197,-0.22909,0.46206,-0.11929,0.50133,-0.54955,-0.11153,0.56653,1.58493,-1.20651,1.37701,0.98188,0.89416,0.2639,-0.1376,1.1601,1.33312,1.88563,1.26512,0.05352,-1.33932,-0.10495,0.45397,-1.11988,-0.03873,-0.05765,0.13643,-1.09876,-1.45783,-0.386,-1.0896,1.70638,-0.47396
GUT_0198,-0.16124,1.01923,0.12478,0.28465,-0.46704,-0.05494,0.773,1.54516,-1.42,1.52702,1.59627,0.83895,-0.02595,-0.55073,1.06815,2.02772,2.06402,1.15905,0.7241,-1.33643,-0.40114,0.49858,-1.21881,0.4191,0.4208,0.3384,-1.08046,-0.80856,-0.77385,-1.11733,1.7795,-0.27379
GUT_0199,0.10693,0.74078,-0.17414,-0.18479,-0.65531,0.08159,1.09627,1.2557,-0.82621,1.19224,1.15618,0.59454,0.43903,-0.41652,1.76668,1.77693,2.19509,1.34542,0.21534,-1.2179,0.19452,0.51249,-1.49037,0.63915,0.73633,1.03152,-1.50238,-0.56999,-0.27799,-1.55948,1.85271,-0.33519
GUT_0200,-0.17598,1.18732,-0.00521,0.22537,-0.7774,-0.50413,0.99925,2.10081,-1.09747,1.74485,0.99868,0.71782,0.06758,-0.62044,1.04162,2.12616,1.54243,1.48427,0.49848,-1.12871,-0.27682,1.01363,-1.09182,0.79995,0.76366,0.80459,-0.82397,-0.58326,-0.50378,-1.33662,1.76571,-0.46796
GUT_0201,0.16248,0.40857,0.80014,0.15971,-0.54056,0.17877,1.08915,1.63704,-1.20653,1.66084,1.02411,0.69642,0.02582,-0.17389,1.86474,1.83945,1.82129,1.78709,0.33606,-1.1295,0.0548,0.74016,-1.70162,0.6161,0.58296,0.22958,-0.69676,-0.68725,-0.77552,-1.19792,1.9309,-0.66272
GUT_0202,0.05841,0.52565,0.33764,0.55987,-0.58262,0.04121,0.79274,1.58148,-0.89352,1.39608,1.46608,0.21774,0.24567,-0.1147,1.57234,1.75294,1.82699,1.26935,0.53117,-1.06307,-0.19857,1.21407,-1.54256,0.63744,0.34868,0.92943,-0.7688,-0.39954,-0.37867,-1.0833,1.65878,-0.57794
GUT_0203,-0.04804,0.90854,0.34305,0.1053,-0.89877,-0.45697,0.53622,1.29045,-1.14016,1.28657,1.21753,0.32303,0.0186,-0.36885,1.48138,2.2579,1.77361,1.70275,-0.11978,-0.94648,-0.08181,0.91848,-0.97736,0.53811,0.21844,0.76591,-0.95745,-0.83086,-0.27457,-0.92772,1.78022,-0.75843
GUT_0204,0.06797,0.50324,0.00448,0.66192,-0.47874,0.1494,0.44724,1.18256,-1.11382,1.56342,0.74002,0.83552,0.06309,-0.07339,1.65094,2.07701,1.51251,1.54223,-0.16153,-1.45627,-0.44756,-0.033,-1.52719,0.44223,0.32241,0.96844,-1.67855,-0.84628,-0.66898,-1.10023,1.56365,-0.37007
GUT_0205,-0.78081,0.54265,-0.0074,0.34687,-0.87097,0.07052,0.60946,1.72997,-1.18327,1.45927,1.37702,0.57677,-0.08832,-0.66255,1.68463,1.74226,1.85903,1.18865,0.41668,-1.09167,0.07025,1.004,-1.61681,0.00319,0.72877,0.45505,-1.31222,-0.05044,-0.20956,-1.86006,1.93383,-0.42269
GUT_0206,0.10541,0.28664,0.30572,0.52178,-0.89133,-0.22257,0.97702,1.66133,-1.31175,1.18883,1.11266,0.87595,0.06319,0.03387,1.42413,1.60635,0.9862,1.32271,0.51534,-1.27221,-0.079,0.45951,-1.4596,0.13295,0.67853,0.58433,-1.11424,-0.56633,0.1428,-1.23165,1.72773,-0.20024
GUT_0207,-0.18198,0.16132,0.05117,-0.29743,-1.06649,0.398,1.00287,1.35917,-1.4269,1.27095,1.11034,0.86387,0.46895,-0.35557,1.76547,1.33079,2.04053,1.78135,0.51946,-1.39549,-0.11858,0.32706,-1.52836,-0.05751,0.48865,0.58483,-1.08838,-0.50922,-0.38307,-1.39265,1.50316,-0.45573
GUT_0208,-0.0068,0.52592,0.24396,0.2929,-0.50109,-0.24108,0.75132,2.06322,-1.49725,1.45017,1.49312,0.66114,0.33317,-0.27231,1.56525,2.1258,2.29097,1.52345,0.55189,-0.94742,0.06096,1.11492,-1.44887,0.36274,0.59844,0.70253,-1.32887,-0.78068,-0.45271,-1.45487,1.56816,-0.57476
GUT_0209,-0.30539,0.69882,-0.17077,0.37975,-0.25254,-0.29198,1.20766,1.92036,-1.15978,1.4727,1.52907,0.24746,0.31016,-0.06234,1.54959,1.89415,1.89983,1.20978,0.24753,-1.08888,-0.04185,0.57675,-1.66798,0.71681,0.15746,0.50223,-1.142,-0.68834,-0.78001,-1.30391,1.6781,-0.19769
GUT_0210,-0.10834,0.405,-0.0207,0.47658,-0.69405,-0.13888,1.05685,1.50654,-1.37116,1.12408,1.03539,0.66352,0.14138,-0.64029,1.35411,1.86934,1.38988,1.15857,-0.03572,-1.61878,0.26406,0.79811,-1.80982,0.10101,0.39562,0.57017,-1.19707,-0.67512,-0.34188,-1.56887,1.71416,-0.42366
GUT_0211,0.12874,0.40399,0.28411,0.33568,0.02348,0.11609,0.70999,1.02818,-1.14081,1.44473,1.78642,1.23015,0.63085,-0.21414,1.1451,2.22385,1.79801,1.65708,0.28168,-1.6137,-0.45488,0.37853,-1.04901,0.02553,0.42131,0.51776,-0.84574,-0.6473,-0.67911,-1.13681,2.05843,-0.40788
GUT_0212,0.08723,0.58206,0.45399,0.28645,-0.79774,0.22329,0.49725,1.29314,-1.20808,0.94363,1.31959,1.11369,-0.01921,-0.70129,1.35152,2.2667,1.66337,0.8967,0.58731,-1.25264,0.04115,1.34099,-1.35765,-0.05073,0.64891,1.03757,-1.15507,-0.51188,-0.33403,-1.01952,2.19769,-0.90775
GUT_0213,0.12541,0.13341,0.24087,0.28174,-0.89746,0.2172,0.96578,1.80553,-0.99096,1.58953,1.08496,0.38626,0.3159,-0.31315,1.21236,1.96717,1.67092,1.41029,0.92527,-1.17184,0.14423,0.80053,-0.84257,0.30563,0.17001,0.59461,-1.4447,-0.45166,-0.41315,-1.54352,1.87961,-0.89422
GUT_0214,-0.56925,0.73375,-0.04979,-0.17236,-0.52263,0.04591,0.6854,1.57484,-1.55935,1.68145,1.82823,0.50709,-0.00127,-0.44655,1.80389,1.74815,1.78364,1.18205,0.18267,-1.38185,0.15299,0.54651,-0.79211,0.24507,0.82775,0.93975,-1.42309,-0.39004,-0.2381,-1.24197,1.68125,-0.28612
GUT_0215,-0.01426,0.87173,0.10595,0.12957,-0.31527,-0.29618,1.12142,1.46396,-1.43315,1.69936,1.5147,1.15194,0.01064,0.22209,1.40176,1.90866,1.81264,1.433,0.25595,-1.27737,-0.1018,1.01723,-1.65902,0.14662,0.36901,0.65707,-1.50264,-0.85451,-0.57103,-0.98684,1.8448,-0.25059
GUT_0216,0.02916,0.39073,-0.10224,0.18238,-0.64988,-0.62002,0.67616,1.76621,-1.3873,1.6888,1.69601,0.8627,0.27116,-0.31585,2.00917,2.03702,1.95228,1.55585,0.25826,-0.98668,-0.49795,0.76513,-1.13548,0.43518,0.26677,0.65207,-0.8408,-0.51031,-0.32431,-1.20152,1.45174,-0.68852
GUT_0217,0.13422,-0.02652,-0.01783,0.39202,-0.18804,-0.47804,0.67321,1.81606,-1.10944,0.99307,0.83829,0.59671,-0.13533,-0.3406,1.73688,1.93817,1.85367,0.99475,0.15248,-1.04765,0.12634,0.90587,-1.15611,0.71603,0.03062,0.99517,-1.81581,-0.5163,0.10568,-1.26838,1.85078,-0.5336
GUT_0218,-0.26343,0.63983,0.24794,0.49463,-0.70588,-0.53942,1.13687,1.47646,-1.57186,1.30053,1.14178,0.6993,0.28028,-0.49331,0.98059,1.80512,2.20935,1.34617,0.64531,-1.49808,0.01867,0.61071,-0.70258,0.80338,0.00377,0.57655,-0.8836,-0.94179,-1.01249,-1.20867,1.91055,-0.48394
GUT_0219,-0.08833,0.36169,0.10955,0.24903,-0.43951,-0.04137,0.37638,1.6227,-1.57932,1.40523,1.69451,0.36321,0.08016,-0.42952,1.15196,2.25488,1.66124,1.31963,0.31022,-0.99296,0.09692,0.93903,-1.55505,0.31203,0.65496,0.83851,-1.02282,-0.6163,-0.62957,-1.11388,1.68799,-0.39359
GUT_0220,-0.22587,0.7807,0.52695,0.15261,-0.51418,-0.03257,0.32267,1.34757,-1.04896,1.74044,1.09953,0.74726,0.01152,-0.64725,1.31683,2.12349,1.57549,1.2529,-0.03722,-1.27952,-0.53638,0.65223,-0.77608,0.37411,0.30028,0.97436,-1.36302,-0.34588,-0.41974,-1.24599,2.05505,-0.69182
GUT_0221,-0.38018,0.94041,0.17756,0.26686,-0.13675,0.03947,1.2956,1.80092,-1.03523,1.31078,1.67978,0.62656,0.49529,-0.26667,1.78141,2.20533,1.53999,1.55544,0.25248,-1.04993,0.06552,0.60483,-1.31645,0.54195,0.64927,0.95762,-1.44925,-0.61185,-0.20341,-0.49916,1.66677,-0.52091
GUT_0222,-0.26122,0.92732,0.4249,0.54201,-0.63577,-0.41664,0.79795,1.47011,-1.6962,1.47077,1.31173,0.91938,0.19523,-0.12656,1.34722,2.3276,2.39907,1.11272,0.66525,-0.99671,0.24576,0.61147,-1.25059,0.49723,0.48646,1.07085,-0.60698,-0.79137,-0.73806,-1.40365,2.10921,-0.37182
GUT_0223,-0.22612,0.46571,0.64577,0.37072,-0.37134,-0.23265,0.97814,1.44511,-1.06785,1.76049,0.99807,1.1148,0.73582,0.10459,1.5094,2.21427,1.88004,1.24655,0.15596,-1.37055,0.05678,0.66337,-1.01104,0.24521,0.64636,0.29086,-1.28122,-0.72506,-0.22787,-0.72543,1.45109,-0.73009
GUT_0224,-0.20305,0.79928,0.20233,0.82031,-0.89593,-0.16749,0.39163,0.89953,-1.44179,1.82729,1.03198,1.34727,0.46362,-0.41393,1.32973,2.26013,1.65921,1.24371,0.786,-0.94802,0.0228,0.6435,-0.88379,0.64587,0.72324,0.33244,-1.01665,-0.42525,-0.32656,-1.02384,1.39036,-0.50483
GUT_0225,-0.28162,0.59104,0.46787,0.60572,-0.67745,0.05853,0.58015,1.73084,-1.07699,1.50487,1.07434,0.65418,0.28319,-0.32073,1.26445,1.95433,1.96011,1.08401,0.10426,-1.45516,0.00719,0.85725,-0.96889,0.48079,0.31546,0.39616,-1.0476,-0.6116,-0.50366,-0.76594,1.54372,-0.34179
GUT_0226,-0.02512,0.24854,0.81787,0.66772,-1.05323,-0.07323,0.93763,1.75699,-1.3726,1.32359,1.16548,0.62726,0.21052,-0.42994,1.53354,1.73007,1.74218,1.37023,0.54819,-0.98638,0.30356,0.65651,-1.34248,0.37743,0.16842,0.48247,-1.60071,-0.92288,-0.42418,-0.77065,1.95956,-0.47069
GUT_0227,-0.0271,0.49271,0.44443,0.07492,-0.60529,0.06195,0.37367,1.42322,-1.31617,1.1091,1.35983,0.71807,0.07092,-0.50745,1.7706,1.70007,2.09618,1.26745,0.4971,-1.33813,0.24895,0.49889,-1.06219,0.68203,0.18476,0.87137,-1.35161,-0.38325,-0.25224,-1.31186,1.77241,-0.42618
GUT_0228,-0.1764,0.74711,0.54129,0.09359,-0.96109,-0.42344,0.97232,1.44528,-1.00571,1.7536,1.33864,1.17196,0.35822,-0.51101,1.67314,1.85861,1.94927,1.1718,0.59599,-1.20807,-0.01682,0.54584,-0.79836,0.38998,0.83501,-0.03333,-1.15145,-0.70329,-0.32921,-0.93252,1.48188,0.10045
GUT_0229,-0.14751,0.61808,-0.00649,0.28773,-0.73431,-0.26142,0.98876,1.41382,-1.13843,1.78313,1.54117,1.12821,0.23035,-0.19017,1.30088,1.71267,1.87933,1.39179,0.3012,-1.04371,-0.15645,0.32229,-1.58733,0.39435,0.5654,0.9946,-1.06681,-0.79624,-0.63175,-1.64343,1.69075,-0.10181
GUT_0230,-0.01992,0.73683,0.49864,0.6886,-0.64683,-0.62607,1.05425,1.57414,-1.1867,1.59914,1.24941,0.43846,0.14672,0.01998,1.48102,2.02387,1.79516,1.58784,0.16909,-1.10546,-0.08535,0.92901,-1.50161,0.88271,0.60377,1.0599,-0.99464,-0.96407,-0.32673,-0.98604,1.96657,-0.45916
GUT_0231,-0.16342,0.78717,0.09379,0.03591,-0.07351,0.05186,0.44742,1.6762,-1.23536,1.47125,1.28086,0.84244,0.51219,-0.34841,1.53653,2.14161,1.98522,1.13705,0.13626,-1.28079,-0.24147,0.25113,-1.19518,0.67336,0.50295,0.47027,-1.89506,-0.6411,-0.40947,-1.55758,2.10947,-0.27832
GUT_0232,-0.28308,0.69145,0.2097,0.3955,0.01651,0.07866,0.4406,1.40805,-1.02006,1.14492,1.0931,0.55269,0.19948,-0.0376,1.64978,2.02405,1.91379,1.63727,0.01044,-1.1887,0.10033,0.59933,-1.43062,0.70472,0.43374,1.00055,-0.88867,-0.82947,-0.44453,-1.25433,1.69928,-0.61705
GUT_0233,-0.54499,0.46475,0.40045,0.06646,-0.68507,-0.04847,0.70094,1.11622,-1.40138,1.60173,1.34082,1.13986,0.78265,0.12726,1.42239,2.45347,1.54238,1.41476,0.49873,-1.24111,-0.05675,0.63675,-1.09285,0.45654,0.53,0.97277,-1.59939,-0.65846,-0.46158,-1.61247,1.679,-0.57387
GUT_0234,-0.38133,0.38629,0.38366,0.12434,-0.99891,0.04655,1.002,1.46695,-1.50906,1.00594,1.14339,1.02463,0.24048,0.04008,1.2875,1.69546,1.31397,0.719,-0.34089,-1.67666,0.3526,0.83153,-1.32584,0.38449,0.68959,0.92415,-1.41422,-0.77747,-0.69677,-1.27571,2.01334,-0.51776
GUT_0235,-0.56615,0.90485,-0.00827,0.21944,-0.38686,0.26179,0.67598,1.76653,-0.61572,1.93822,1.22869,1.06276,0.08154,-0.35274,1.54446,1.76441,1.44481,1.18449,0.61145,-1.03194,0.11316,0.60311,-1.1928,0.37124,0.36983,0.45388,-1.41596,-0.83177,-0.24524,-1.01351,1.98103,-1.23088
GUT_0236,-0.90427,0.35666,0.33656,0.3182,-0.72513,-0.16744,0.86626,1.36281,-1.3857,1.2868,1.66635,0.89566,-0.03593,-0.64846,1.623,2.00443,1.46347,0.89506,-0.1053,-0.92284,0.28995,0.87711,-1.44181,0.18671,0.24386,0.06698,-0.94585,-0.43079,-0.58227,-1.40234,1.93344,-0.62398
GUT_0237,0.27771,0.40756,-0.43968,0.53165,-0.33054,-0.25859,1.26489,1.877,-1.10309,1.49868,1.59074,0.81389,0.46021,-0.39786,1.41929,1.96821,2.06181,1.22216,0.13586,-0.88792,-0.19007,1.08409,-1.33246,0.23561,0.22916,0.77779,-1.1941,-0.83173,-0.17852,-1.11835,1.79805,-0.29976
GUT_0238,-0.16249,0.58339,0.61324,0.00184,-0.38155,0.12296,0.63114,1.09094,-1.17331,1.43708,1.48982,0.2764,0.51391,0.09985,1.23011,1.71189,2.23981,1.50308,0.3973,-0.94358,-0.0848,0.50822,-0.8895,0.30445,0.57367,0.54734,-1.67183,-0.43663,-0.18415,-1.38793,2.30116,-0.05374
GUT_0239,0.00087,0.64289,0.01927,0.40989,-0.57685,-0.72866,0.78783,1.53896,-1.49434,1.45329,1.54559,0.58982,-0.18407,-0.70335,1.41609,2.28859,2.18747,0.93793,0.18401,-1.25143,0.13299,0.51641,-1.18335,0.10466,0.07563,0.45702,-1.13411,-0.61435,-0.60026,-1.3707,1.88301,-0.65869
GUT_0240,-0.27154,0.10171,0.33109,0.69563,-0.69954,0.00584,0.85076,1.92643,-1.70903,1.39625,1.52918,0.84189,0.48427,-0.32747,1.5706,2.06617,1.98855,1.46544,0.4288,-1.06819,0.26234,0.58108,-1.50228,0.70721,0.2169,0.82448,-0.6254,-0.53844,-0.29308,-0.60005,1.62046,-0.44034
GUT_0241,-0.0806,-0.00328,0.10628,0.46315,-0.57752,-0.22154,0.88538,1.36633,-0.73515,1.5895,1.20844,0.58304,0.3815,-0.15112,1.56884,2.17783,1.16174,1.35788,0.64743,-0.89789,0.05718,0.49519,-1.43885,0.75299,0.34187,0.59343,-1.83837,-0.99139,-0.584,-1.25192,1.78572,-0.41344
GUT_0242,-0.17646,0.532,0.51236,0.49391,-1.07687,-0.14972,0.8798,1.6313,-1.65491,1.46964,1.47894,0.60527,0.15541,-0.44967,1.65796,1.70662,1.57376,1.00971,0.88906,-1.0394,0.0119,0.74554,-0.67123,0.45464,0.86852,0.51435,-1.47531,-0.74431,-0.36813,-1.01587,1.71952,-0.20347
GUT_0243,-0.24692,0.25105,0.30877,0.25692,-0.57931,-0.32234,0.94828,1.74311,-1.06114,1.72883,1.50562,0.77262,-0.18035,-0.4966,1.53205,2.18148,1.37156,1.77409,0.38323,-0.91868,-0.19421,0.99277,-1.49976,0.91393,0.2988,1.0667,-1.21746,-0.4983,-0.17123,-0.99146,1.8037,-0.626
GUT_0244,-0.37793,0.51463,-0.1014,0.3991,-0.77341,-0.37982,0.48632,1.72681,-1.44334,1.60163,0.77406,0.94136,0.12158,0.01153,1.2754,2.26502,1.76382,1.13591,0.57659,-1.01978,-0.14132,0.75303,-1.56201,0.22227,0.44533,1.05224,-1.70452,-1.06328,-0.8959,-1.69149,1.94637,-0.65621
GUT_0245,-0.01929,0.69966,0.63558,0.16779,-0.72746,-0.28662,1.05105,1.43419,-1.38483,1.57119,1.37205,0.99117,0.49521,-0.35597,1.37864,1.79505,1.71972,1.8805,0.39973,-1.36835,0.30347,0.5993,-1.92889,0.3077,0.37916,1.0177,-0.81157,-0.48342,-0.09827,-1.30114,1.54437,-0.5271
GUT_0246,-0.19268,0.59603,0.3319,0.21451,-0.47741,-0.1701,0.69756,1.47953,-0.91752,1.76159,1.52008,0.79141,-0.16192,-0.23143,1.22673,1.92614,1.77519,1.26745,0.28436,-1.3437,0.25969,0.70434,-1.25498,0.51482,0.53478,0.6793,-1.34895,-0.53266,-0.26688,-1.23639,2.0502,-0.73806
GUT_0247,-0.06847,0.70967,-0.05202,0.13947,-0.78636,-0.42906,0.96193,1.9404,-1.43177,1.64247,1.15122,0.07646,0.0976,-0.2606,1.26332,1.92358,1.9898,1.04289,0.48855,-1.25492,0.01384,0.96585,-1.24821,0.145,0.48125,0.70159,-1.18548,-0.84442,-0.30086,-0.7105,1.19211,-0.25959
GUT_0248,-0.0245,0.32552,0.1184,0.58355,-0.94464,-0.06885,1.01509,1.51559,-1.23972,1.4396,1.18727,1.26754,0.57487,-0.08336,1.41012,1.94281,2.0585,1.51864,0.10538,-1.19671,-0.03267,0.30647,-1.26122,0.45717,0.31293,0.50945,-0.72483,-0.72838,-0.44577,-1.28214,1.51874,-0.26288
GUT_0249,-0.19504,0.37848,0.06509,0.53032,-0.81536,-0.23268,0.84601,1.43481,-1.1743,1.71131,1.435,1.18269,0.2637,-0.2253,1.76673,1.5748,1.53219,1.24796,0.46063,-1.00235,-0.25613,0.71826,-1.38397,0.12997,0.3479,0.70019,-1.43018,-0.51547,-1.03743,-1.14171,1.9576,-0.44188
GUT_0250,-0.28381,0.42828,-0.19712,0.42542,-0.48114,-0.28095,0.81407,1.70135,-0.95449,1.23667,1.58487,0.85373,0.29482,0.22028,1.43888,1.40816,1.99977,1.25522,0.3445,-1.46479,0.03087,1.01986,-1.02235,0.38376,0.39104,0.97454,-0.96917,-0.26194,-0.48716,-1.07538,1.7793,-0.44496
GUT_0251,0.17232,0.43963,0.46796,0.2038,-0.28039,0.00062,0.57535,1.0212,-1.33835,1.83249,1.07129,0.82639,0.17968,-0.32369,1.56734,1.88569,1.99643,1.44898,0.20879,-0.80108,0.0128,0.4137,-0.91315,0.78024,0.58461,1.27629,-1.37643,-0.40916,-0.75312,-0.7674,1.90663,-0.25168
GUT_0252,-0.14113,0.52021,0.2379,0.57982,-0.24485,0.22694,0.9936,1.23299,-1.28139,1.14361,1.45972,1.23011,0.44864,-0.16531,1.51233,1.83997,2.32345,1.64244,0.26374,-1.28507,-0.14435,0.89976,-1.3412,0.28581,0.96852,0.62439,-0.87559,-0.92249,-0.49334,-1.21116,2.00787,-0.58732
GUT_0253,-0.21109,0.79978,-0.04556,0.36991,-0.76064,-0.11233,0.94696,1.57267,-0.94841,1.72934,1.21765,0.86762,0.20392,-0.57126,1.35252,2.09516,1.31936,1.42066,0.66879,-1.11361,-0.24786,0.99635,-1.21354,0.74222,0.30344,1.06466,-1.37691,-0.36192,-0.80323,-0.99663,1.9317,-0.63978
GUT_0254,-0.27843,0.56895,0.27147,0.87538,-0.1752,0.18431,0.60942,1.42171,-1.60837,1.20596,1.51679,0.829,-0.26345,-0.06744,1.64089,2.21157,1.89846,0.90349,0.58416,-1.05741,0.27439,0.72463,-1.50106,0.57693,0.57697,0.81739,-1.21513,-0.72098,-0.91693,-1.44704,1.73631,-1.10305
GUT_0255,0.03753,0.80513,0.31265,0.51225,-0.29799,0.48275,0.87491,1.36804,-1.20994,1.19315,1.30603,1.00918,0.56573,-0.07673,1.52418,2.26799,2.16,1.47783,0.21648,-1.31278,0.03026,0.48674,-1.10466,0.98844,0.31447,1.27388,-1.41525,-0.61352,-0.42617,-1.11526,1.86951,-0.72187
GUT_0256,-0.40783,0.73543,0.25344,0.58687,-0.57065,-0.41034,0.58882,1.75403,-0.92746,1.7713,1.33691,0.86242,0.43695,-0.53404,1.69133,1.57753,2.18446,1.2377,0.58393,-1.02836,-0.36507,0.67798,-1.44485,0.48158,0.1049,0.94164,-0.91177,-0.72538,0.27246,-1.46435,1.59123,-0.48429
GUT_0257,0.13945,0.58019,0.04562,0.24972,-1.30235,0.3262,0.54144,1.53102,-1.19414,1.40749,1.18607,0.49485,-0.31962,-0.09012,1.58108,1.77991,1.84652,1.23245,0.24142,-1.26538,0.27441,0.7259,-1.5602,0.60242,0.24654,0.85371,-1.03279,-1.43874,-0.36993,-1.35041,1.69728,-0.02006
GUT_0258,-0.66886,0.95007,0.19189,0.61474,-0.64317,-0.2316,0.39583,1.60681,-1.50239,1.80789,1.71878,0.52528,-0.04949,-0.61054,1.27188,1.93438,1.5857,0.80648,0.39351,-1.58048,-0.29941,0.60717,-1.63778,0.44099,0.58781,0.82584,-0.95847,-0.37198,-0.46242,-1.30462,1.46115,-0.24197
GUT_0259,-0.36637,0.53492,0.29536,-0.06377,-0.46547,-0.29624,0.54446,1.37738,-1.24061,1.72626,1.6104,0.86359,0.15412,-0.35858,1.46903,1.70443,1.67708,1.28703,-0.49457,-1.26196,-0.19284,0.97403,-1.14304,-0.03783,0.51392,0.13996,-0.80185,-0.90331,-0.47231,-0.90523,1.57375,-0.60006
GUT_0260,0.32373,0.54837,0.06135,0.38772,-0.70284,-0.02172,0.84048,1.62803,-1.18217,1.36152,0.94599,0.55302,0.2507,-0.07185,1.32357,2.09735,1.59872,1.19059,0.32748,-0.84876,-0.05197,0.78649,-1.34075,0.33454,0.77532,0.9038,-1.75341,-0.39817,-0.41879,-1.45588,1.70552,-0.57497
GUT_0261,0.11684,-0.21879,1.6856,1.23576,0.468,-1.92883,0.24077,0.9267,1.00318,-0.32589,2.24044,-1.42993,-0.78066,1.25663,0.16372,2.32474,0.34463,-0.58093,-0.33788,-1.14073,-1.16641,0.60168,0.41623,1.66699,-0.83115,1.84569,-0.60681,1.50619,-0.56265,-0.93168,0.26654,1.25315
GUT_0262,0.37315,-0.34677,1.76074,1.18152,0.32123,-2.06532,-0.2487,0.55763,0.64077,-0.48875,1.49269,-1.13024,-0.65693,0.63726,-0.28418,1.91109,0.34105,-0.48319,0.22126,-0.52492,-1.34985,0.64924,0.24664,1.10854,-1.08349,1.75001,-0.31398,1.83991,-0.32743,-0.98304,0.22778,0.64071
GUT_0263,0.01428,-0.13438,1.71561,1.77538,0.46937,-2.07931,0.06892,1.14875,1.31148,-0.43621,1.93542,-1.43834,-0.81857,0.56778,-0.12854,1.99749,0.20751,-0.68167,0.0817,-0.853,-1.68858,0.53516,0.78671,1.38162,-0.63788,1.4856,-0.27782,2.28763,-0.48279,-0.85375,0.16728,0.95735
GUT_0264,0.55786,-0.16283,1.43866,1.06844,0.47029,-2.01948,-0.2034,1.55415,1.23438,-0.41679,2.10929,-1.24345,-0.41506,0.94715,0.39662,1.52661,0.22051,-0.95836,-0.566,-0.83656,-1.09148,0.49679,0.44459,1.11063,-0.73098,1.62709,-0.63096,1.47685,-0.26942,-0.71924,0.35151,0.99426
GUT_0265,0.07394,-0.42368,1.86726,1.56629,0.71808,-2.03658,0.14493,1.36415,0.95273,-0.16061,1.86769,-1.25727,-0.86492,0.86738,0.22489,1.7196,0.1014,-0.65482,-0.52537,-0.88701,-1.07944,0.6016,0.73076,1.47392,-0.78743,1.33848,0.18035,1.30566,-0.1757,-0.17376,0.43273,1.47107
GUT_0266,0.71347,-0.41288,1.33881,1.32298,0.71325,-2.1557,-0.10298,0.88891,0.99323,-0.96698,1.71754,-1.24737,-0.53198,1.25627,-0.16986,1.71328,0.28486,-0.98716,-0.41421,-1.16322,-1.02726,0.76376,0.77497,1.08001,-1.16766,1.78046,-0.18311,2.06542,-0.49024,-1.1,0.17711,1.29795
GUT_0267,0.26386,-0.04943,1.27492,1.01482,0.78924,-1.72218,-0.00192,0.99951,0.75894,-0.76869,1.42364,-1.19064,-0.82947,1.08439,0.27772,1.95723,0.42724,-0.93028,0.04421,-1.30063,-1.36312,0.49226,0.60019,1.07316,-0.55416,1.75051,0.46481,1.71848,-0.3156,-0.42807,0.07766,0.85417
GUT_0268,0.4383,-0.50604,1.9423,0.95995,0.64026,-2.91814,-0.58633,0.87666,1.17964,-0.8317,1.98825,-1.23066,-0.15555,0.74805,0.00815,2.15298,0.19862,-0.02866,-0.08369,-1.13912,-0.85167,0.54422,0.20828,1.49744,-0.61108,1.66745,-0.12939,1.18,-0.59297,-0.72637,0.41733,1.13667
GUT_0269,0.05051,-0.34745,1.46682,1.43141,0.88888,-2.39816,-0.08275,0.6636,1.35011,-0.49576,1.65439,-1.28248,-0.95266,1.25793,0.35387,2.22612,0.04849,-0.64493,-0.58013,-0.66567,-1.33062,0.70807,0.72046,1.16335,-0.61991,1.84098,-0.39315,1.50322,-0.57284,-0.49549,0.47639,1.18836
GUT_0270,0.44479,-0.29908,1.79689,1.46934,0.77033,-1.9354,-0.07384,0.26382,1.03396,-0.45528,1.86628,-1.10072,-0.72741,1.08354,0.00414,1.97461,0.079,-0.2689,0.04293,-1.23207,-1.89539,0.25169,0.67975,1.46874,-0.84915,1.56813,-0.21323,1.7955,-0.489,-0.87017,0.35532,1.1688
GUT_0271,0.60795,-0.27864,1.3796,1.36539,0.43056,-2.06812,0.28514,0.58925,1.65574,-0.66945,1.99851,-1.46103,-0.53971,0.73135,0.12826,2.40991,-0.13504,-0.98344,-0.57436,-1.05625,-1.07248,0.69823,0.82554,1.25672,-0.94366,1.74457,-0.56559,1.47353,-0.48099,-1.05181,0.52491,1.16846
GUT_0272,0.24397,-0.36138,1.60295,1.23508,0.97448,-2.40261,-0.27561,0.47725,1.03991,-1.1757,1.5311,-1.63519,-1.22721,0.85689,-0.06399,2.07654,0.14698,-0.9057,-0.61138,-0.87076,-1.52765,0.81779,0.63156,1.14876,-0.73007,1.48345,-0.01552,1.16178,-0.47809,-0.95348,0.34386,0.89775
GUT_0273,0.13442,0.06667,1.51533,1.30177,0.58103,-2.70163,-0.04244,0.24171,1.16674,-1.24546,1.55741,-1.23945,-0.24643,1.13819,-0.00982,1.90304,0.32329,-0.55043,-0.76782,-0.67943,-1.06346,0.77572,0.58443,1.1852,-0.55951,1.62525,-0.27425,1.74829,-0.26159,-0.61524,0.34903,0.76352
GUT_0274,0.29841,-0.58529,1.74344,1.19884,0.76885,-2.12563,-0.21834,0.4444,0.70219,-0.42559,1.5546,-1.30975,-0.46091,0.91769,-0.01206,2.15894,0.22046,-1.06531,-0.2121,-1.37345,-0.98331,0.78999,0.45711,1.52841,-1.04631,2.08652,-0.70426,1.62998,-0.40183,-1.17394,0.68106,1.10086
GUT_0275,0.44357,-0.09596,1.77435,0.9333,0.58987,-1.7597,0.19691,0.64278,1.0949,-0.81176,1.74956,-1.31908,-0.74672,1.22411,-0.10054,2.26663,0.38302,-0.33243,-0.70758,-1.07989,-1.1224,0.86535,0.53416,0.89833,-0.3659,1.72271,-0.18399,1.83543,-0.61214,-0.28987,0.00689,1.30407
GUT_0276,0.02884,-0.3294,1.8303,1.0881,0.70945,-2.19305,-0.27277,0.44509,1.03419,-0.86856,1.47529,-0.93162,-1.17967,0.89529,-0.18712,1.9928,0.6068,-0.61626,-0.31998,-0.89971,-1.27947,0.99013,0.74374,1.45626,-1.11527,1.90849,-0.50184,1.41229,-0.54857,-0.43669,0.40382,1.2177
GUT_0277,0.32251,-0.06172,1.72787,1.44317,0.74245,-2.08576,0.25659,0.65719,0.63795,-0.69027,1.86056,-1.23301,-0.63468,1.09713,-0.08152,1.94756,0.30595,-0.50696,-0.30936,-0.95491,-1.45226,0.40694,0.26285,1.80024,-0.46992,1.54828,-0.19769,1.7173,-0.72818,-0.69072,0.50732,0.76371
GUT_0278,0.26858,-0.67727,1.98486,1.13281,0.30878,-2.40563,0.19774,0.05496,1.29852,-1.25933,1.7575,-1.47252,-0.23885,1.17937,0.05866,2.15301,0.06347,-0.32695,-0.3267,-0.94361,-1.23724,0.84126,0.62455,1.31948,-0.29755,1.68269,0.10114,1.43522,-0.55323,-0.60838,0.08922,0.97119
GUT_0279,0.18493,0.27648,1.63231,1.29548,0.65725,-2.45927,0.12391,0.79842,1.21701,-0.80026,1.94041,-1.42808,-0.44687,1.00726,-0.2653,2.20559,-0.2176,-0.63955,-0.18872,-1.10456,-1.52966,0.50992,0.45645,1.51137,-0.60203,1.3808,-0.07239,1.78127,-0.38789,-1.24962,0.47271,1.12947
GUT_0280,0.16116,-0.22165,1.36988,1.95617,0.3033,-2.05954,0.37665,1.13553,1.19197,-0.47114,1.67477,-1.38797,-1.20327,0.67778,-0.02002,1.96981,0.42601,-0.49809,-0.6279,-0.8326,-1.18622,0.15708,0.06596,1.19148,-0.47689,1.74826,-0.13568,1.35711,-0.43016,-0.93222,0.31016,1.15947
GUT_0281,-0.2194,-0.24732,1.8277,1.36168,0.67352,-2.18412,-0.14821,0.91912,1.15193,-0.28625,2.25607,-1.27619,-0.91421,0.94503,0.05381,1.78192,-0.1606,-0.50749,-0.41946,-1.06954,-1.49372,0.48943,0.55703,1.11865,-0.91139,1.08097,-0.04461,1.58235,-0.34113,-0.70942,0.07411,1.34946
GUT_0282,0.31023,-0.21619,1.7359,1.28064,0.62796,-2.60148,0.16727,0.78368,1.18582,-1.03898,1.88199,-1.33869,-0.86772,0.82202,-0.0705,1.87709,0.3754,-0.58232,-0.21915,-0.92988,-1.36596,0.54092,0.35836,1.40445,-1.03318,1.87222,-0.06348,1.60614,-0.67287,-0.62972,0.20439,1.25824
GUT_0283,0.02901,-0.09375,1.67008,1.50394,0.49266,-2.04291,-0.03,0.50749,0.78376,-0.74228,1.7058,-0.92601,-0.65014,0.96122,0.16903,2.15534,0.07367,-0.67734,-0.04305,-1.20209,-1.38177,0.31384,0.83897,1.41691,-1.08874,1.41065,-0.40063,1.99436,-0.69029,-0.12884,0.25891,0.80179
GUT_0284,-0.04242,-0.32896,1.74183,0.98056,0.65856,-2.49953,0.28059,0.46837,1.14061,-0.27552,1.97365,-1.34479,-0.67107,0.71828,0.02784,2.25245,0.3652,-0.89385,-0.02808,-1.32308,-1.56905,0.64063,0.80973,1.38277,-1.30213,1.82004,-0.49451,1.58188,-0.26148,-0.35861,0.20577,0.99972
GUT_0285,-0.0448,-0.4517,1.05909,1.65647,0.64056,-2.30448,0.32188,0.53745,0.98796,-0.39957,1.70964,-1.06066,-0.4064,0.88002,0.0502,2.13212,0.04413,-0.96616,-0.31708,-1.24154,-1.44066,0.53441,0.33349,1.17013,-1.26546,1.93182,-0.31253,1.39355,-0.60881,-0.6055,0.22961,1.05836
GUT_0286,0.4583,-0.23526,2.08845,1.1771,0.77897,-2.55839,-0.35327,0.53725,0.78954,-0.83252,1.86887,-1.34532,-0.69332,1.24041,0.10458,1.65075,0.40104,-0.46788,-0.53297,-0.90472,-1.11652,0.48401,0.49709,1.51394,-1.13333,1.61226,-0.62296,1.19919,-0.3556,-0.05857,0.91242,1.58806
GUT_0287,0.79254,-0.47247,2.00846,1.27303,0.60949,-2.15483,0.11265,0.78018,0.50806,-0.4265,1.77345,-1.20828,-0.68022,0.82275,0.25454,2.13745,0.31913,-0.56755,-0.59719,-1.06887,-1.56303,0.85174,0.16731,1.12438,-1.56434,1.36572,-0.31577,1.44009,-0.57603,-0.35112,0.22536,0.83241
GUT_0288,0.21005,-0.41459,1.73451,1.30645,0.3912,-2.04019,0.11815,0.69226,1.23028,-0.26195,2.02774,-1.17077,-0.72667,0.73358,0.45081,1.91558,0.12276,-0.441,-0.15585,-1.00885,-1.1028,0.79835,0.58787,1.36691,-0.45158,1.86032,-0.12392,1.22984,-0.42632,-0.61042,-0.13423,1.22043
GUT_0289,0.20671,-0.39232,1.10818,1.10452,0.73924,-2.53645,0.20617,0.54749,0.83736,-0.56506,2.08233,-1.3032,-0.44603,0.57219,0.45793,2.0488,0.51459,-0.41445,-0.41223,-0.66904,-1.43243,0.77956,1.11686,0.93902,-0.7414,2.12771,0.22998,1.20092,-0.52114,-0.71466,0.12582,0.78023
GUT_0290,0.21586,-0.07548,1.83435,1.61449,0.54566,-2.37662,-0.02781,1.12,0.97966,-0.81082,1.53613,-1.16337,-0.55309,0.71962,0.19394,1.83535,0.07306,-0.68213,-0.7816,-1.25864,-1.61471,0.67861,0.88966,1.69911,-0.47469,2.01935,-0.34004,1.81512,-0.1007,-1.23219,0.11145,1.04345
GUT_0291,-0.22832,-0.44914,1.91012,1.50719,0.79526,-2.0356,0.3252,0.38299,0.92888,-0.94771,1.79438,-1.90029,-0.46345,1.01459,0.35558,2.731,0.26327,-0.85802,-0.31803,-0.78701,-1.09899,0.6985,0.04027,1.51052,-0.95107,1.30152,-0.21329,1.84319,-0.60645,-0.902,-0.04947,1.18937
GUT_0292,0.1091,-0.17202,1.92717,1.14719,0.39454,-2.29045,0.12786,0.88621,1.07153,-0.97238,1.50899,-1.53718,-0.68084,1.05375,0.39043,1.92884,0.28351,-0.37015,-0.69455,-1.23698,-1.1377,0.63304,-0.15105,0.93802,-0.81907,1.65354,-0.52077,1.82375,-0.5158,-0.38212,0.12613,0.6723
GUT_0293,0.00546,0.47336,1.11284,1.38983,1.12193,-2.09944,-0.11409,0.1504,0.96898,-0.26339,1.50337,-1.16206,-0.29368,1.14802,0.28966,2.0,0.33336,-0.8766,-0.27606,-1.13345,-1.66492,0.66924,-0.0058,1.22136,-0.94071,1.64768,-0.51236,1.79946,-0.42773,-0.72632,0.13931,1.17793
GUT_0294,0.12628,-0.36566,1.67114,0.89474,0.61294,-2.22189,-0.00736,1.03336,0.95987,-0.74836,1.7461,-1.38389,-1.07681,1.44741,0.25969,1.99067,-0.00982,-0.92232,-0.40145,-1.29386,-1.40113,0.91612,0.48926,1.28189,-0.48856,1.55561,-0.27075,1.48133,0.00162,-1.15421,0.23249,1.00337
GUT_0295,0.68536,0.01369,1.83224,1.32759,0.25575,-2.09774,-0.27629,0.65815,1.23853,-0.78529,1.64826,-1.6577,-0.86304,0.63104,0.16943,2.20591,-0.54599,-0.55095,-0.78569,-0.79379,-1.24305,0.7775,0.69352,1.36248,-0.75614,1.91433,-0.13821,1.71965,-0.00113,-1.05454,0.31526,0.8449
GUT_0296,0.60681,-0.55218,1.50677,1.03494,0.2372,-2.16987,0.16295,1.1583,0.76736,-0.77857,1.61232,-1.03455,-0.93567,0.74936,-0.01502,2.07229,0.30645,-0.68781,-0.51727,-0.89756,-1.17891,0.43314,1.00256,1.67782,-0.77404,1.45797,0.06838,1.92769,-0.39713,-0.89423,0.61105,0.80473
GUT_0297,0.25443,-0.20422,1.68831,0.66931,0.71521,-2.27718,-0.19327,0.58186,0.53882,-0.67337,1.59268,-1.04856,-0.74242,1.19756,-0.05717,1.72875,0.77899,-0.8108,-0.80507,-1.50349,-1.35173,0.83049,0.18358,1.66869,-0.35097,2.67549,0.13865,1.78527,-0.32851,-0.22614,0.15547,1.07298
GUT_0298,0.12468,-0.27447,1.4331,1.49321,1.06152,-2.01998,0.04818,0.83152,0.77182,-0.52691,1.35386,-1.06641,-0.90565,1.07399,0.06037,2.34313,-0.116,-0.69643,-0.16976,-0.90645,-1.52588,0.79488,0.91312,1.12507,-0.50279,1.35204,-0.41172,2.11721,-0.4283,-1.02388,0.46812,1.15315
GUT_0299,0.32414,-0.50083,1.67035,1.30779,0.77982,-2.47545,0.27181,0.75792,0.90999,-0.45481,1.76209,-1.12497,-0.81725,0.84998,-0.05403,1.81652,0.29352,-0.4531,-0.59635,-0.47862,-1.30016,0.18427,0.25648,0.99835,-0.70955,1.50135,-0.39945,1.72751,-0.28906,-0.91301,0.02926,1.31863
GUT_0300,0.6861,-0.30046,1.59775,1.10399,0.52033,-2.16018,0.00097,0.99423,1.26961,-1.05755,1.58593,-1.36048,-0.75585,1.20121,0.50264,1.72986,0.16542,-0.9682,-0.43676,-0.86004,-0.82719,0.80964,0.61051,1.19664,-0.75366,1.69326,-0.13824,1.89744,-0.5896,-1.2118,0.37612,1.24561
GUT_0301,0.57271,-0.37064,1.68603,1.58671,0.86984,-2.33269,0.56075,0.66941,1.12934,-0.73197,2.18262,-0.83152,-0.57431,1.45279,-0.02766,1.95301,-0.16899,-0.24949,-0.5446,-0.56948,-1.35548,1.01527,0.84576,1.03988,-0.84727,1.86226,-0.0268,1.83286,-0.49032,-1.01789,0.29763,0.81842
GUT_0302,0.43841,-0.33955,1.36205,1.27084,0.62648,-1.87908,-0.07903,0.9584,1.17294,-0.75416,1.59169,-1.33429,-0.69175,0.88337,-0.31652,1.80499,-0.04066,-0.64031,-0.44624,-1.18959,-1.15364,0.687,0.23465,1.3173,-0.65493,1.95915,-0.36005,1.6126,-0.20998,-0.9719,0.03734,0.75594
GUT_0303,0.4769,-0.25141,1.20382,1.60423,0.92544,-2.25401,-0.10931,0.63422,0.82428,-0.59091,1.82512,-1.26407,-0.60897,0.70867,-0.23485,1.95778,0.23815,-0.76764,-0.99898,-1.1294,-1.27056,0.90776,0.69421,1.40828,-0.77243,1.70425,-0.45483,1.76394,-0.19791,0.02971,0.09295,1.82998
GUT_0304,0.18305,-0.09914,1.75849,1.20123,0.37126,-2.36597,0.18357,-0.03936,0.62761,-0.57882,2.15454,-1.20222,-0.68987,1.05653,0.07215,2.0539,-0.12924,-0.90553,-0.61037,-1.01324,-1.46858,0.687,0.42544,1.08464,-0.69519,1.47102,-0.1944,1.60959,-0.27027,-0.62575,0.12285,1.23143
GUT_0305,0.26442,-0.35114,1.47273,1.67755,0.31071,-2.16332,0.6415,1.12346,1.03112,-0.57275,2.11766,-1.15982,-0.36233,0.89315,0.31519,1.8327,-0.18026,-0.60256,-0.28618,-1.16755,-1.01766,0.93797,0.529,1.29607,-1.07944,1.54759,-0.57165,1.53392,-0.59597,-0.84268,0.53639,0.97951
GUT_0306,0.18438,-0.09439,1.72295,1.14957,0.17922,-1.75903,0.59843,0.56824,1.36147,-1.21073,2.0993,-1.25284,-0.99534,0.64927,0.01007,2.23199,0.40962,-0.61762,-0.09918,-1.17027,-1.44101,0.68483,0.84748,1.26058,-0.79267,1.6107,-0.22439,1.13402,0.01442,-0.64954,0.37598,1.49228
GUT_0307,0.30981,-0.26512,1.69496,0.9457,0.39638,-2.27544,-0.19789,0.91178,0.66114,-0.4995,1.6268,-1.4348,-0.35041,0.86094,0.29815,1.87888,0.27077,-0.84082,-0.84181,-1.30849,-1.4062,0.6525,0.6184,1.46638,-0.92081,1.68262,-0.39779,1.80546,-0.34892,-0.49458,-0.07064,1.24387
GUT_0308,0.13335,-0.14777,1.53109,1.1352,0.33839,-1.8136,0.09848,0.79111,0.40342,-0.8078,1.95104,-1.48973,-0.84846,0.96094,-0.16723,1.81836,-0.03432,-0.56878,-0.55481,-0.80896,-1.65172,0.73153,0.72483,0.86937,-0.81002,1.47617,-0.51975,1.87913,-0.35511,-0.92547,-0.0144,1.15927
GUT_0309,0.58257,-0.22848,1.46954,1.0054,0.70781,-2.00661,-0.64068,0.67313,1.08721,-1.27552,1.88779,-1.64736,-0.53593,1.33651,-0.27929,1.74917,0.1136,-0.77661,-0.76421,-1.07447,-1.56724,0.68591,0.23746,1.5522,-0.7957,1.30245,-0.48357,1.71778,-0.48087,-0.43121,0.39745,0.86857
GUT_0310,0.175,-0.11159,1.92966,1.21135,0.46482,-2.054,-0.01365,0.69641,1.19704,-0.87654,1.67448,-1.30742,-0.41207,0.91078,-0.24553,1.96897,0.16025,-1.0124,-0.25123,-1.65467,-1.11264,0.43564,0.09641,1.51884,-0.84641,1.42391,-0.33892,1.41544,-0.70585,-0.53407,0.08517,1.13649
GUT_0311,0.26284,-0.62623,1.43353,1.21443,0.85402,-2.02034,0.2455,0.54325,0.95095,-0.59239,2.09661,-1.4344,-0.47276,1.46599,-0.38259,2.15106,0.38313,-0.84937,-0.39474,-1.31504,-1.23218,0.60646,0.46668,1.34921,-0.51694,1.78019,-0.20566,1.82339,-0.78493,-0.65754,0.06702,0.96745
GUT_0312,-0.43997,-0.10978,1.29029,1.35855,0.87165,-2.56642,-0.08068,0.79132,0.87648,-0.95026,1.82646,-1.59006,-0.60619,0.98498,-0.18764,2.08769,0.07759,-0.47631,-0.4706,-1.18487,-1.19077,1.0367,0.63999,1.67849,-0.84669,1.88502,-0.07124,1.64708,-0.16723,-0.66665,0.44662,1.07636
GUT_0313,0.14388,-0.74162,1.87314,1.22155,0.56245,-2.33117,-0.31983,0.53437,1.31507,-0.83592,1.85001,-1.4684,-0.60093,1.06366,0.50745,1.94257,0.39897,-0.95956,-0.30823,-0.90215,-0.84775,0.48899,0.36258,0.98438,-1.11016,1.54041,-0.55358,1.46764,-0.79605,-0.41715,0.3538,1.31905
GUT_0314,-0.12222,-0.40491,1.13872,0.9854,0.67472,-2.27036,0.1121,0.766,0.95769,0.16146,1.71741,-1.06287,-0.67692,0.90807,0.31601,2.28978,0.02307,-0.68387,-0.1831,-1.04019,-1.61815,0.56746,0.53776,1.1529,-0.60537,1.40013,-0.24905,2.09275,-0.25331,-1.02412,0.01767,0.98842
GUT_0315,0.45395,-0.20969,1.50424,0.95265,0.75455,-1.93883,0.18624,1.19011,1.44095,-0.40327,1.39657,-1.37467,-0.40036,0.82461,0.29129,2.11386,0.28906,-0.71157,-0.27762,-0.61305,-1.06221,0.78848,0.90823,1.20637,-0.71908,1.81031,-0.35738,1.75282,-0.88417,-1.124,0.22402,0.95797
GUT_0316,0.53482,-0.07226,1.68048,1.40417,0.26203,-2.40223,0.11358,0.87617,0.81847,-0.56624,2.23266,-0.78974,-0.47697,0.69298,0.19874,1.75179,0.51449,-0.62529,-0.2309,-1.06744,-1.25454,1.02216,0.32685,1.32327,-0.47375,2.01799,-0.28409,1.34783,-0.62323,-0.66314,0.28824,1.0023
GUT_0317,0.05847,-0.47314,1.35361,1.17022,0.67437,-2.38388,-0.11718,0.66325,0.75403,0.01702,1.93974,-0.94433,-0.9065,1.01879,0.14378,2.28043,0.18,-1.10483,-0.38604,-1.17476,-1.49089,0.24396,0.88753,1.3943,-0.71916,1.53505,-0.27236,2.00945,0.0182,-0.75192,-0.05464,0.78422
GUT_0318,0.48189,0.10521,1.61869,1.50338,0.51186,-2.03378,0.11377,1.01768,0.9353,-0.91895,2.03565,-1.96105,-0.6618,1.17087,-0.2807,1.84694,0.86921,-0.72459,-0.24073,-0.94084,-1.39946,0.63247,0.63871,1.66136,-1.12939,1.82341,-0.43584,1.84941,-0.53894,-0.89337,0.18726,0.97529
GUT_0319,0.25433,-0.47999,1.65848,1.20396,0.81215,-2.29006,0.0369,0.67166,1.30625,-1.25046,1.98303,-1.09507,-0.61487,0.77826,-0.04928,1.92295,-0.01207,-0.73231,-0.55675,-1.09211,-1.18233,0.36669,0.10371,1.5345,-0.86568,1.83196,-0.35707,1.32195,-0.33607,-0.90064,0.13576,0.53316
GUT_0320,0.13421,-0.41985,1.47917,1.3921,-0.08394,-1.41448,0.10626,1.1173,0.47638,-0.67591,1.59335,-1.19947,-0.54771,0.74691,-0.00485,1.88729,0.56849,-0.45376,-0.10408,-1.16169,-1.05294,0.92144,0.35922,1.51723,-0.69039,2.17282,-0.27687,1.53736,-0.64211,-0.47542,-0.04025,0.97447
GUT_0321,0.4004,-0.1475,1.47133,1.60099,0.47107,-1.76252,0.31963,0.53253,0.35507,-0.69102,2.05206,-1.02387,-0.12068,1.08388,0.36762,1.95806,-0.20161,-0.70387,-0.22431,-1.145,-1.59322,0.69759,0.70935,1.23281,-0.60451,1.6139,-0.46391,1.85083,-0.23555,-0.80551,0.28989,1.48316
GUT_0322,0.32371,-0.3939,1.12669,0.86501,0.54507,-2.50888,-0.18385,0.85013,0.97663,-0.69606,1.98755,-1.49026,-0.64649,1.2109,0.17463,1.81607,-0.00664,-0.80847,-0.50402,-0.661,-0.94279,0.77605,0.73806,1.62315,-0.65082,1.34973,-0.09042,1.35553,-0.25607,-0.54895,0.61115,0.94838
GUT_0323,0.68989,-0.72277,1.44613,1.4818,0.74317,-2.14508,0.06774,0.78614,0.88116,-0.49775,1.64271,-1.28962,-1.0283,0.6824,0.03222,1.92131,-0.01656,-0.59756,-0.197,-1.269,-1.04547,0.72241,0.90849,1.3351,-0.88303,1.8169,-0.20665,1.28585,-0.60273,-0.56163,-0.12259,0.62467
GUT_0324,0.24081,-0.35478,1.54014,0.93577,0.37644,-2.00881,0.02157,0.43101,0.98899,-0.63861,2.05281,-1.25394,-0.67763,0.76772,0.20615,2.01383,0.36526,-0.76401,-0.20136,-0.73661,-1.30157,0.32783,0.82852,1.29877,-0.88375,1.68905,-0.45042,0.86553,0.05015,-0.25309,0.61412,1.23112
GUT_0325,0.32605,-0.13478,1.55731,0.9308,0.59943,-3.00463,0.46782,0.93422,1.02233,-0.96905,1.85405,-1.4861,-0.84632,0.36309,0.34857,1.96945,0.24777,-0.66245,-0.37428,-0.87747,-1.06158,0.19927,0.73189,1.39425,-0.99504,1.54751,-0.30063,1.75352,-0.39695,-0.17892,0.03767,1.12657
GUT_0326,0.66155,-0.65145,2.1483,0.95423,0.24341,-2.16525,-0.03469,1.13201,0.71515,-0.38058,1.91807,-1.17908,-0.99861,0.79024,-0.31548,1.58491,0.25473,-0.44703,-0.45333,-1.4828,-1.44932,0.9124,0.61624,1.43467,-0.78722,1.98362,-0.21857,1.41484,-0.09446,-0.55734,0.56052,0.83741
GUT_0327,0.19781,-0.42829,1.70556,1.35886,0.63143,-2.4048,0.21594,0.8805,0.6514,-0.74987,1.93406,-1.05716,-0.5831,1.6636,-0.2985,1.9215,-0.14284,-0.79092,-0.85625,-1.27649,-1.49588,0.90878,0.35306,1.45889,-0.76682,1.59382,-0.76446,1.30997,-0.28444,-0.3014,0.45601,1.54977
GUT_0328,0.66257,0.24444,1.76629,1.11007,0.75955,-1.78846,-0.05811,0.8497,1.28467,-0.37931,1.87627,-1.22553,-0.44526,1.02561,-0.15396,2.24218,-0.36442,-0.82678,0.0481,-1.3315,-1.50344,0.57648,0.51001,1.71425,-0.87192,1.65133,-0.20357,2.04548,-0.13331,-0.48356,0.09491,0.84845
GUT_0329,0.16919,-0.30983,1.65751,1.79589,1.06178,-2.15209,0.30972,0.23768,1.12955,-0.86533,1.64602,-1.62758,-0.48063,1.34124,0.34324,1.66714,0.02025,-0.57502,-0.3456,-1.06602,-1.33563,0.41052,0.86833,1.07462,-0.46375,1.77339,-0.26174,1.8248,-0.03878,-0.54799,0.06619,1.02318
GUT_0330,0.34129,-0.30777,1.80074,1.07522,0.29169,-2.14192,0.14755,0.98821,0.89405,-0.30725,1.93166,-1.22735,-0.79568,0.70545,0.19236,1.7754,0.53909,-0.94944,-0.62243,-1.06571,-1.29614,0.76697,0.83311,1.83238,-0.34702,1.50963,-0.36603,1.4387,-0.38988,-1.02808,-0.04026,1.04365
GUT_0331,0.46782,-0.70196,1.61161,1.3026,0.83514,-2.17915,-0.12661,0.54135,0.95246,-0.62723,1.74027,-1.40382,-0.64929,0.89267,-0.04199,2.56232,0.41571,-0.64959,-0.35039,-1.03385,-1.4869,0.48965,0.20548,1.06783,-0.64426,1.24778,-0.25221,1.52641,-0.6624,-0.48556,0.29881,0.93311
GUT_0332,0.21861,-0.67714,1.50884,1.02857,0.7345,-1.92072,0.44967,0.58013,1.22224,-0.746,1.83336,-1.04145,-0.63377,1.0734,0.3296,1.93084,0.36972,0.00011,-0.338,-1.10526,-1.07378,0.57569,0.77419,1.44806,-0.84964,1.67119,-0.05422,1.44189,-0.85485,-1.21353,0.31597,0.82043
GUT_0333,0.27895,-0.28038,1.7161,1.38328,1.0871,-1.94907,0.05329,0.95848,1.09937,-0.94121,1.98127,-1.01433,-0.76035,1.03197,0.02824,2.20719,0.28958,-0.24029,-0.70906,-0.60902,-1.25775,0.58543,0.41445,1.39121,-0.55017,1.8436,-0.31543,1.13249,-0.45289,-0.85528,0.2389,0.75582
GUT_0334,0.26509,-0.24537,1.67613,1.49026,0.58766,-2.94297,-0.01381,0.47921,0.85374,-0.50073,2.10198,-0.88548,-0.59295,0.99488,0.57445,1.83601,0.29241,-0.25939,-0.46718,-1.11524,-1.49612,0.46019,0.91818,1.63046,-1.00037,1.7538,-0.44724,1.17315,-0.3829,-0.92975,0.59408,1.12684
GUT_0335,0.18799,0.06472,0.84646,1.37311,0.9119,-2.01072,0.49328,0.36973,0.807,-0.41887,1.82222,-2.11181,-0.86637,1.164,-0.35798,2.63482,-0.06733,-0.50882,-0.2747,-1.17173,-1.434,0.63341,0.16192,1.39359,-0.86562,1.29306,0.01359,1.62478,-0.16704,-0.8486,-0.23897,1.30459
GUT_0336,0.13188,0.19523,1.54872,1.33517,1.33349,-2.19478,0.04673,0.53719,0.4692,-0.63007,2.2641,-1.41046,-0.20087,0.90453,0.07257,1.82553,0.36956,-0.29963,-0.23735,-0.95474,-1.27102,0.74191,0.35562,1.49079,-0.72697,1.53304,-0.68607,1.6584,-0.29609,-0.71714,0.15151,0.96237
GUT_0337,0.07506,-0.05943,1.51696,1.30647,0.9945,-1.94365,-0.08657,0.60261,1.2467,-0.67397,1.68601,-0.99418,-0.88908,1.15976,-0.48924,1.90561,0.21525,-0.50805,-0.82938,-1.35517,-1.11661,0.6027,0.294,1.27576,-0.42476,1.78237,-0.61037,1.92605,-0.28461,-0.60516,0.34126,1.05311
GUT_0338,0.08518,-0.2202,1.2045,1.65169,1.14681,-2.16559,0.30902,0.51935,1.30147,-0.56739,1.18308,-1.81276,-0.75845,0.68345,0.38263,2.03267,0.26369,-1.15897,-0.15609,-1.29076,-1.38636,0.34058,0.53079,1.4685,-1.17416,1.80876,-0.39355,1.65405,-0.43764,-0.46128,0.40945,1.05498
GUT_0339,0.21736,0.12031,2.11808,1.44626,0.43909,-2.63235,0.04263,0.39486,0.92938,-0.61874,1.71822,-1.39793,-0.95156,0.966,-0.0144,2.17334,0.66054,-0.83678,-1.09204,-1.17347,-1.31015,0.80845,0.60525,1.24851,-0.87145,2.17251,-0.36755,1.7944,-0.0533,-0.81161,0.24447,0.81386
GUT_0340,0.41482,-0.21422,2.06764,1.66825,0.35229,-2.18023,0.29002,0.83068,1.20505,-0.48728,2.05816,-1.04411,-0.35849,0.84058,0.34468,1.9157,-0.03665,-1.12826,-0.31003,-1.37778,-1.39869,0.7871,0.78575,0.85155,-0.5417,1.61518,-0.08036,1.87492,-0.5659,-0.58909,0.20325,0.7657
GUT_0341,0.52905,-0.066,1.50981,0.88166,0.82319,-2.27829,0.05965,0.69962,1.07116,-0.62838,1.89873,-1.36556,-0.91997,0.82175,0.31769,2.51276,0.48188,-0.9638,-0.60813,-1.24404,-1.35665,0.34844,0.73015,1.15809,-0.84312,1.91902,-0.35116,1.20331,-0.20094,-0.61416,0.08995,0.88154
GUT_0342,0.68447,0.21007,1.37542,0.87806,0.22704,-1.97128,0.23673,1.03302,0.8986,-0.42083,1.61067,-1.57177,-0.92104,0.61757,0.10119,2.07533,0.60075,-0.53162,-0.2972,-1.29404,-1.16566,0.23862,0.30885,0.87051,-0.44504,1.66064,-0.22899,1.78663,-0.3362,-0.82675,-0.19648,0.98164
GUT_0343,0.51688,-0.54136,1.74752,1.46985,0.32598,-2.24597,-0.06407,0.58587,1.18007,-0.366,1.61443,-1.45039,-0.92286,0.54311,0.19765,1.97595,-0.3418,-0.48679,-0.7154,-0.82373,-1.54909,0.72904,0.49382,1.03531,-0.8287,1.80497,-0.36424,1.28663,-0.38517,-0.76854,0.06571,1.14414
GUT_0344,0.45735,-0.01526,1.88765,1.41887,0.55387,-2.25544,0.2306,0.44127,1.19158,-0.66842,1.99619,-1.13217,-0.67542,1.12507,0.02249,1.89896,0.64199,-0.18606,-0.57044,-1.12623,-0.88401,0.72148,0.49188,1.07056,-0.67113,1.80833,-0.16111,1.5279,-0.39,-0.77707,0.05524,1.00214
GUT_0345,0.041,-0.64979,1.4917,1.26946,0.59159,-1.71518,0.35121,0.47913,0.9163,-0.74361,2.39563,-1.45003,-0.5433,0.95632,-0.2623,2.18981,0.33638,-0.52529,-0.27959,-1.56755,-1.0359,0.39004,1.0091,1.16787,-0.83095,1.66043,-0.45614,1.27289,-0.34245,-1.03131,0.46023,0.79416
GUT_0346,0.67323,0.05322,1.89821,0.96559,0.86127,-2.09252,0.54866,0.68118,1.14051,-0.70946,1.81083,-1.24986,-0.46346,0.62784,0.30984,1.64185,0.50921,-0.54818,-0.02415,-1.77936,-0.8765,0.598,0.7038,1.26993,-0.59739,1.59035,-0.54653,1.67341,-0.63528,-0.96204,0.00741,1.39131
GUT_0347,0.22892,-0.47344,1.44606,1.05843,0.38439,-2.29604,-0.60501,1.04076,0.86597,-0.34197,1.43576,-1.43147,-1.01455,0.94483,0.06619,2.39284,0.27638,-0.35161,-0.3257,-0.57289,-1.50028,1.08997,0.57246,1.47543,-0.75934,1.9919,-0.42125,1.59949,0.03738,-0.54858,0.34551,1.04109
GUT_0348,0.57409,0.00233,1.59614,1.55071,0.63662,-2.32774,0.21692,0.71054,1.0547,-0.24884,1.89669,-1.02365,-0.39214,0.65846,0.23848,2.00631,0.30609,-0.81684,-0.23855,-0.76028,-1.41029,0.75483,0.74589,1.17696,-0.59386,1.83662,-0.3476,1.45316,-0.23001,-0.91226,0.02712,1.2199
GUT_0349,0.43852,-0.11549,1.91967,1.39272,0.57024,-2.37196,-0.28791,0.96231,0.98629,-0.4223,1.90953,-1.34215,-1.19092,0.7637,0.09522,2.30433,0.42153,-0.42794,-0.34999,-1.18359,-1.47071,0.78287,0.68914,1.19846,-0.61604,1.23708,-0.1989,1.31096,-0.3059,-0.95146,0.1034,0.81181
GUT_0350,0.27861,-0.18705,1.7867,1.05345,0.95339,-1.90809,0.02022,0.7066,0.73477,-0.74071,1.63847,-0.97841,-0.72045,0.75971,0.05155,1.77747,-0.39385,-0.78595,0.0542,-0.62478,-1.29835,0.86468,0.589,0.97362,-0.62035,2.13832,-0.28369,1.18254,-0.12146,-0.95584,-0.06984,0.88288
GUT_0351,0.41801,-0.60909,-1.4925,-1.30876,0.1612,0.83663,-0.19817,-0.84043,1.24824,-1.16986,-0.4706,0.34291,-2.43392,0.23807,-0.5532,0.01828,-0.33386,-0.77772,0.67731,-0.95583,1.73594,0.91511,1.17485,0.54508,0.89027,0.85962,0.06178,-1.34229,-0.0633,-0.9446,-1.54548,-0.113
GUT_0352,0.1595,-0.49349,-1.86885,-1.44602,0.36923,0.65249,-0.37052,-0.74628,0.50119,-1.64668,-0.84112,0.42977,-2.41266,0.44722,-0.4537,-0.23114,-0.635,-0.06763,0.93552,-0.66681,1.79025,1.00175,0.6652,1.37264,0.4302,0.92659,-0.20026,-1.23396,-0.23401,-1.12554,-1.74438,0.39848
GUT_0353,0.33566,-0.25932,-1.47972,-1.84996,0.72105,0.83839,-0.42728,-1.10131,1.13333,-1.74068,-0.38986,0.87544,-2.20573,0.32157,-0.78933,0.2708,-0.41276,-0.31917,0.8231,-0.49371,1.15677,0.61744,0.97856,1.38677,0.66162,0.8974,0.35866,-1.88203,0.0235,-0.92388,-1.42952,0.39747
GUT_0354,0.08496,-0.37829,-1.30662,-1.50045,0.24501,1.08135,-0.21498,-0.94059,0.7716,-1.14936,-0.41245,0.39089,-2.01341,0.1339,-0.41997,-0.29173,-0.30058,-0.22064,0.78924,-0.83129,0.93464,0.74416,0.66993,1.45189,0.6323,0.65756,0.09147,-1.64018,0.08653,-1.26802,-0.82761,-0.0236
GUT_0355,0.25111,-0.08976,-1.12822,-1.76316,0.55629,1.39786,0.1759,-0.49201,0.97782,-1.79282,-0.82423,0.56015,-2.50076,0.57163,-0.71376,0.11592,0.10113,0.27112,0.50432,-0.64537,1.60356,0.53327,0.95901,1.05177,0.51414,0.95617,0.19592,-1.42563,-0.52477,-0.73364,-2.04285,0.54531
GUT_0356,0.14318,-0.60546,-1.47115,-1.158,0.61206,1.03216,0.13681,-0.91131,0.96361,-1.80589,-0.33337,0.67002,-2.18749,0.07887,-0.67573,-0.0632,-0.11097,-0.12782,0.25294,-0.84794,1.71387,1.11874,0.7686,1.48485,0.61123,0.70521,0.00574,-1.65017,-0.19623,-0.96828,-1.85667,0.04274
GUT_0357,0.19026,-0.19685,-1.54461,-1.49479,0.13693,1.12986,0.05344,-1.36123,1.32173,-1.44469,-1.10872,0.15879,-2.43468,0.28576,-0.81746,0.09401,0.38707,0.27926,0.75223,-0.72502,1.15777,0.44066,0.64026,0.85191,1.15685,0.96164,0.15203,-1.40542,-0.69587,-0.88969,-1.7914,-0.11084
GUT_0358,0.10331,-0.6641,-1.05013,-1.70508,0.46509,1.05569,-0.1931,-1.02871,0.82918,-1.08147,-0.44672,0.70963,-2.20872,0.6426,-0.73126,0.12917,0.61869,0.49586,1.08037,-0.68529,1.59816,0.506,0.73353,1.09022,0.74617,0.48722,0.49189,-1.32545,-0.53296,-0.61715,-1.2059,0.59053
GUT_0359,-0.00159,-0.61632,-1.12177,-1.37327,0.52364,0.69946,0.01401,-1.23633,1.15064,-1.33954,-0.57376,0.72209,-2.49192,-0.06556,-0.29809,-0.37763,0.2078,-0.16349,1.15773,-0.84734,1.22514,0.95457,0.68,0.93592,0.71635,0.83544,0.34323,-1.60191,-0.1508,-0.54247,-1.37891,-0.64112
GUT_0360,0.06147,-0.736,-1.1342,-1.15622,0.54589,0.81378,0.08419,-0.96057,1.26017,-1.503,-0.65207,0.21626,-2.32708,0.13452,-0.32137,-0.14622,-0.02643,0.23351,0.86041,-0.83454,1.11547,0.75266,1.07204,1.23555,0.47534,1.47888,0.11882,-1.88575,0.11267,-1.11731,-1.33532,0.02815
GUT_0361,0.31373,-0.60092,-1.40676,-1.13092,0.33137,1.31737,-0.00371,-0.83608,0.71962,-1.69055,-0.67762,0.83315,-1.51398,0.32963,-0.73698,0.24408,0.36211,0.0389,0.92759,-0.53432,1.17625,0.41435,1.22494,1.10899,1.36389,0.15286,0.24225,-1.27402,-0.31429,-0.34258,-1.11674,0.92913
GUT_0362,0.37303,-0.56492,-1.29844,-1.64281,0.42243,0.7184,-0.26168,-1.00536,1.14673,-1.1766,-0.71782,0.46045,-2.11571,0.89096,-0.83042,-0.21886,-0.36788,0.60341,0.48816,-0.98085,1.87621,0.35681,0.9422,1.39777,0.78554,0.59252,0.14123,-1.58641,-0.43525,-1.04696,-1.64901,0.10124
GUT_0363,0.52908,-0.79642,-1.41394,-1.54135,0.30803,0.63961,-0.02827,-0.74677,1.15536,-1.21062,-0.79774,0.53848,-2.79085,0.31,-0.31369,0.03987,-0.2239,-0.14796,0.73623,-1.0226,1.63116,0.34006,0.7726,1.12416,1.15944,1.46187,-0.10252,-1.48681,-0.09871,-0.7809,-1.41444,-0.09579
GUT_0364,-0.06779,-0.78554,-1.03971,-1.43846,0.20397,1.04184,-0.52281,-0.93674,0.826,-1.05667,-0.13562,0.52401,-2.65187,0.52052,-0.5103,0.01604,-0.37287,0.08118,0.79515,-1.18692,1.48559,0.48953,1.10581,1.17296,0.99553,1.19907,-0.01158,-1.33549,0.20175,-0.91013,-0.91298,0.60671
GUT_0365,-0.17364,-0.09309,-1.51978,-1.28113,0.44665,1.17626,-0.00997,-1.0069,1.05228,-1.17791,-0.82767,1.01683,-2.27911,0.34421,-0.63896,0.20775,0.1107,0.3595,0.6741,-0.70355,1.78498,1.13734,0.56137,0.80752,0.55434,1.11501,-0.1202,-1.80106,-0.42852,-0.57867,-1.54938,0.51164
GUT_0366,-0.07016,-0.54758,-1.6254,-1.3415,0.46667,0.84676,0.06713,-1.31006,1.0805,-0.88141,-0.10025,0.91224,-2.2837,0.56978,-0.87206,0.00517,-0.21527,-0.05801,0.92824,-0.48322,1.33057,0.74346,0.52994,0.81256,1.3264,1.05948,-0.28649,-1.3273,-0.2322,-0.77763,-1.66381,0.41275
GUT_0367,0.16671,-0.80536,-0.73904,-0.95896,0.52662,0.55278,-0.09694,-0.87448,0.62834,-1.3419,-0.79505,0.56089,-2.36702,0.5504,-0.42147,0.19128,-0.06215,0.17664,0.55412,-1.32266,1.6776,0.53503,1.13119,1.43069,0.87304,0.59093,0.11386,-1.50369,-0.43926,-1.10902,-1.22201,0.32876
GUT_0368,0.33711,-0.76369,-1.22715,-1.13499,0.51,1.04043,-0.08408,-0.92969,1.08352,-1.81418,-0.40162,0.73502,-2.2252,0.28361,-0.37344,-0.21223,-0.28892,0.35777,0.613,-0.43704,1.23843,0.87789,1.11828,0.97722,0.64344,1.37544,-0.22831,-1.01008,0.24037,-0.5092,-1.28862,0.16271
GUT_0369,0.09373,-0.28313,-0.73351,-0.91751,0.88196,1.00488,-0.25335,-0.87622,0.60284,-1.27594,-0.57586,0.35678,-1.92772,0.57818,-0.33606,0.03697,-0.07152,0.31764,0.75938,-0.80202,1.51497,0.8403,0.88243,1.23883,0.91693,1.12397,0.15032,-1.56194,0.06707,-0.47778,-1.37185,0.15412
GUT_0370,-0.32172,-0.02668,-1.26257,-1.76506,0.67703,0.72656,-0.15391,-0.96432,1.18549,-1.04294,-0.73649,0.45592,-2.194,-0.11059,-0.74442,-0.05707,-0.15209,0.39694,0.82266,-0.41709,1.86019,0.72192,0.88999,1.042,0.78605,0.94993,0.24577,-1.5546,-0.31229,-0.90445,-1.36557,0.38038
GUT_0371,0.31199,-0.78309,-1.1477,-1.62852,0.20091,0.77168,0.20041,-0.98245,0.84404,-1.31437,-0.95049,0.62545,-2.25735,0.268,-0.32394,-0.13483,0.19419,0.61786,0.71899,-0.8931,1.51776,0.4864,0.69241,1.39508,0.50683,0.83326,0.36976,-1.34898,-0.58358,-0.00344,-0.94961,0.31096
GUT_0372,0.78205,-0.29951,-1.4565,-1.38308,0.63818,0.4112,-0.26134,-1.02499,1.0529,-1.37716,-0.81843,0.75287,-2.35396,0.30685,-0.3801,0.2725,-0.35132,0.08634,0.86534,-0.75395,1.58393,0.67092,0.64248,1.19629,0.3519,0.6652,0.14552,-1.28879,-0.03862,-0.42847,-1.23633,0.60112
GUT_0373,-0.13084,-0.45318,-1.58929,-1.03288,0.43571,0.76053,-0.03997,-0.81851,0.43022,-1.30282,-0.31487,0.55771,-2.22843,0.53076,-0.61127,0.36494,-0.08835,0.14583,0.63291,-0.85288,0.78554,0.40504,0.51644,1.1067,0.63777,1.03247,0.06338,-1.37602,-0.21138,-0.32404,-1.42015,0.4572
GUT_0374,0.47752,0.06299,-1.54926,-1.3772,0.31977,1.24898,-0.30205,-0.65838,0.72077,-0.66578,-0.55424,0.62194,-2.24878,-0.00661,-0.97265,0.08255,0.10046,0.14335,0.83471,-0.70745,1.12883,0.31226,0.67876,0.66686,1.16985,0.82265,0.23776,-1.28135,0.15175,-0.43756,-1.12674,0.41908
GUT_0375,0.01245,-0.39742,-1.11434,-1.91114,0.52738,1.14127,-0.23248,-1.3802,1.29106,-1.5562,0.00653,0.38708,-2.33362,0.71544,-0.35872,0.19297,0.05679,0.68918,0.68032,-0.75715,1.74644,1.27293,0.82832,1.17353,0.69231,0.75608,-0.19104,-1.61538,-0.32952,-0.50722,-1.21994,0.28446
GUT_0376,-0.07731,-0.48496,-1.17102,-1.67084,0.46439,1.18473,0.23544,-1.15678,0.6811,-1.47474,-0.96039,0.82983,-2.50686,0.28025,-0.46024,-0.15921,-0.09211,0.16396,0.76255,-0.78217,1.57619,1.00377,1.04573,1.07968,0.80532,0.90813,0.24802,-1.64602,-0.12809,-0.62932,-0.8943,0.41133
GUT_0377,0.62172,-0.95899,-1.45835,-1.80293,0.55751,1.14212,-0.00259,-0.98293,0.70049,-0.84547,-0.71093,0.89172,-1.85822,0.4696,-0.92577,0.35691,0.02381,0.41556,0.67634,-1.09154,1.30115,0.85535,0.74169,1.11676,0.48449,1.22041,0.24498,-1.68608,-0.14428,-0.65421,-1.25806,0.03395
GUT_0378,-0.09473,-0.72454,-1.4587,-1.55424,0.43553,1.13815,-0.32458,-1.56546,1.383,-1.24249,-1.22664,0.72255,-2.3829,0.42268,-0.64979,-0.12938,-0.1813,0.30303,0.88596,-0.91192,1.42233,0.84217,1.25114,1.30016,0.59686,0.96673,0.4705,-1.70282,0.25876,-0.90471,-1.62411,0.24488
GUT_0379,-0.00897,-0.45456,-0.81178,-1.44277,0.65595,0.79789,0.24969,-1.35056,0.98266,-1.01816,-0.88625,0.1898,-2.14867,0.65864,-0.72577,0.31471,0.08627,0.51524,0.53804,-0.99789,1.47125,0.83797,0.69811,0.75703,1.03455,0.78403,-0.08722,-1.24308,0.18408,-0.73409,-1.4321,0.06363
GUT_0380,0.26015,-0.4366,-1.39251,-1.12982,1.01002,0.83133,0.11898,-1.22474,0.65226,-1.22196,-0.52498,0.4098,-2.30131,0.81271,-0.47411,0.30726,-0.05065,0.36068,0.81519,-0.61565,1.58768,0.87411,0.54623,1.08859,1.05549,0.70389,0.143,-1.86742,0.10351,-0.57463,-1.67644,0.4194
GUT_0381,0.61247,-1.05708,-1.05433,-1.76143,0.71421,0.90095,-0.31605,-0.76936,1.04392,-1.48946,-0.42661,0.37614,-2.2788,0.6309,-0.74249,0.65555,-0.17344,0.2985,0.85945,-0.66524,1.34282,0.67137,1.03482,1.05181,0.99122,0.81241,0.33776,-1.51915,-0.40098,-0.73786,-1.67291,-0.07191
GUT_0382,0.20551,-0.59834,-1.33263,-1.12439,0.95652,1.10844,0.23684,-0.89273,0.94703,-1.17298,-0.73857,0.61963,-2.13985,0.04857,-0.36503,-0.03629,0.23874,0.27248,0.6706,-1.09938,1.29701,0.79843,0.76814,0.91594,0.70399,1.07197,0.11927,-1.0588,-0.02074,-1.18668,-1.21185,0.31675
GUT_0383,0.76906,-0.15651,-1.77871,-1.2334,0.53183,0.79331,-0.49344,-1.15693,0.84415,-1.28306,-0.70048,0.42819,-2.68922,0.89196,-0.93974,0.19562,0.25769,0.14001,0.76203,-0.83688,1.83938,0.55469,0.86046,1.32067,1.27465,1.16159,-0.27193,-1.4151,0.17273,-0.53889,-1.61257,0.46993
GUT_0384,-0.25681,-0.77869,-2.10159,-1.8016,1.00895,0.89499,0.07048,-1.4889,0.81684,-1.21771,-0.71968,0.69173,-2.21262,0.27286,-0.79488,0.16111,-0.30482,-0.25264,0.88185,-0.70959,1.42446,1.00629,1.34039,1.13744,0.71873,0.92033,-0.19816,-0.99602,-0.03549,-0.84027,-1.59472,0.05208
GUT_0385,0.00865,-0.82559,-1.12196,-1.02481,0.48642,0.71562,-0.48557,-1.21311,0.86161,-1.69911,-0.95027,1.29103,-2.23214,0.32326,-0.66838,0.38811,0.10496,0.55375,0.6841,-0.60503,1.29971,0.61935,0.96872,1.48232,0.78251,1.04488,-0.03676,-1.73015,-0.57923,-1.04326,-0.9517,0.52208
GUT_0386,0.25381,-0.28304,-1.14109,-1.46535,0.42942,0.81233,0.2457,-0.50271,0.56307,-1.42221,-0.50532,0.71753,-1.98952,0.14752,-0.96643,-0.34815,0.30734,0.16582,0.74686,-0.24403,1.78827,1.14289,0.59171,0.7456,0.58681,0.7169,0.10828,-1.55938,-0.04885,-0.42252,-1.86324,0.30136
GUT_0387,0.10615,-0.31492,-1.24997,-1.46612,0.52123,0.95502,-0.05483,-0.86436,0.69959,-1.00761,-1.09023,0.31255,-1.9118,0.40586,-0.41748,0.12583,-0.12407,-0.18621,0.88401,-0.64066,1.08975,0.53664,0.65662,1.12673,0.61796,0.70238,-0.62625,-1.32697,0.21536,-1.21807,-0.89677,0.32699
GUT_0388,-0.05253,-0.56524,-1.67848,-1.29843,0.52208,1.04896,-0.42147,-0.90138,0.9439,-1.10394,-0.67943,1.05875,-1.95001,-0.03062,-0.6524,-0.39928,-0.05996,0.32859,0.94517,-0.62386,1.3295,0.33079,1.15611,1.53509,1.05378,0.83355,0.35476,-1.61252,-0.49218,-0.82792,-1.57594,0.08784
GUT_0389,0.17442,-0.75518,-1.66089,-1.56876,1.03676,0.94841,0.09864,-1.60688,1.15078,-0.95696,-0.53435,0.47122,-2.23171,0.16422,-0.63071,-0.12558,-0.08218,0.36006,0.87625,-0.52313,1.4407,1.06953,0.97502,1.34989,0.70133,0.77022,-0.15214,-1.45699,-0.40138,-0.86636,-0.80366,0.59022
GUT_0390,0.01347,-0.44981,-1.53012,-1.02969,0.55603,0.93817,-0.36994,-1.08866,0.78113,-1.36751,-0.99343,0.69749,-2.09687,0.48034,-0.79337,0.51502,-0.14265,-0.1126,0.38953,-0.82152,1.50188,0.87108,0.76012,1.27266,1.03653,0.97722,0.21382,-1.84555,-0.50355,-1.07517,-1.53933,0.33046
GUT_0391,0.2469,-0.83178,-0.93933,-0.86329,0.76226,1.2438,-0.4496,-1.27867,1.08463,-0.95797,-0.5395,0.99956,-2.34092,0.7786,-0.73456,-0.14943,0.13291,0.19874,0.52601,-1.01184,1.65086,0.59748,0.97026,1.14157,0.54388,0.92025,0.07186,-1.53986,0.03367,-0.88652,-1.22198,0.33034
GUT_0392,0.17166,-0.45824,-0.91698,-1.48373,0.23567,0.90813,-0.33098,-1.18475,1.19218,-1.0185,-0.57459,0.01295,-2.39879,0.88486,-0.50471,0.50201,0.29182,0.00029,0.81249,-0.41608,1.65937,1.1897,0.50666,1.21852,1.00525,1.3459,-0.04734,-1.52945,-0.44885,-1.05782,-1.40008,0.6293
GUT_0393,0.21582,-0.17065,-1.44692,-1.55541,0.24904,1.45498,-0.34544,-1.21125,1.1466,-1.55934,-0.53977,1.04286,-2.13257,0.48729,-0.84938,0.39774,-0.20719,0.37354,1.16789,-0.58865,1.55101,0.76283,1.06289,1.05847,0.39037,1.04765,0.33978,-1.29025,-0.22448,-0.50276,-1.78961,0.18415
GUT_0394,0.26965,-0.56382,-1.14189,-0.9977,0.75688,0.40163,0.06752,-1.14281,1.14276,-1.15856,-0.59324,0.55676,-2.48776,0.50299,-0.29976,-0.12801,-0.18213,0.56914,0.645,-1.01943,1.29373,0.79396,1.23244,0.82938,1.42167,0.79014,0.02167,-1.62736,-0.15319,-0.70086,-1.24694,0.13882
GUT_0395,0.101,-1.18179,-1.65845,-1.43429,0.3937,0.5507,0.28987,-0.84342,1.08562,-1.44574,-0.45488,0.57085,-2.16038,0.333,-0.31195,0.27224,-0.04636,0.25267,0.62415,-0.84541,1.51153,0.5867,0.62761,1.31445,0.73987,0.87965,-0.39158,-1.45159,0.0055,-1.28974,-0.9679,0.55963
GUT_0396,0.23017,-0.84193,-1.42417,-1.27383,0.64461,0.77603,-0.47458,-1.31209,1.42865,-0.94131,-0.74511,0.57429,-2.43109,0.61033,-0.91785,0.38263,0.06506,0.11378,0.62913,-0.70356,1.40112,1.23494,0.91126,2.00452,0.34425,0.4121,0.12114,-1.48693,-0.111,-0.82397,-1.58349,0.32625
GUT_0397,0.19488,-0.74756,-1.35104,-2.05995,0.63874,0.93751,-0.68655,-0.8753,0.69608,-1.42211,-0.46577,0.70605,-2.14602,0.62377,-0.7758,-0.14698,-0.1177,0.53953,0.58799,-0.53806,1.43851,0.68908,0.74947,0.87821,0.75315,0.58477,0.0867,-1.02122,0.35241,-0.71886,-1.31973,0.54009
GUT_0398,-0.09641,-0.74313,-1.71283,-1.667,0.35521,1.18511,-0.56287,-1.3679,0.63434,-1.26863,-0.5551,0.70921,-1.94397,0.63143,-1.58743,-0.06526,-0.43363,-0.04366,0.66718,-0.54374,1.23657,0.55662,1.23082,1.42773,0.36449,0.77963,0.0328,-1.42871,0.2613,-0.88593,-1.48749,0.26932
GUT_0399,-0.13381,-0.52734,-1.33148,-1.22476,0.30374,0.87056,-0.41002,-1.24327,0.93945,-1.26311,-0.47123,0.40195,-2.39128,0.04789,-0.90016,0.21596,-0.26313,0.20299,0.34466,-0.41045,1.11196,0.64279,0.92887,1.15897,0.74469,0.88296,0.11374,-1.4515,0.17911,-1.09456,-1.26862,0.22943
GUT_0400,0.19757,-0.4387,-1.47995,-1.55565,0.70121,0.69934,0.26206,-1.10227,0.77702,-1.31681,-0.30607,0.11846,-2.54081,0.81118,-0.30754,0.04038,-0.51792,0.54159,0.69243,-0.37382,1.3638,0.78539,0.73792,1.21686,0.83031,0.32432,0.11803,-1.69303,-0.13552,-0.75741,-1.3179,-0.06757
GUT_0401,0.14812,-0.64682,-1.46943,-1.3962,0.33703,0.8933,-0.22458,-0.80859,0.98949,-1.14628,-0.63182,0.32932,-3.0701,0.526,-0.99331,0.05324,0.09356,-0.12048,0.74227,-0.51112,1.44155,0.72993,1.04377,0.99387,0.64577,0.99987,0.25694,-1.64604,-0.13019,-0.92474,-1.21495,0.31748
GUT_0402,0.00945,-0.64107,-1.48783,-1.48158,0.72603,0.29688,-0.26584,-0.6771,0.73948,-1.87384,-0.75722,0.41404,-2.38385,0.61928,-0.73986,0.17644,0.03166,0.42482,0.49276,-0.78792,1.3999,0.4948,0.66696,0.97744,0.70522,0.74246,0.65247,-1.54848,-0.49944,-0.74258,-1.33227,0.13362
GUT_0403,-0.41981,-0.23621,-1.53848,-1.59093,0.21164,1.03495,-0.10258,-1.3437,0.8803,-1.33023,-1.05666,0.56959,-1.90717,0.76857,-0.45076,0.10413,-0.07514,0.03854,0.806,-0.78979,1.58194,0.85963,0.48653,1.05541,0.57175,0.90225,0.1975,-1.26554,0.13902,-0.81484,-1.4369,0.3192
GUT_0404,0.02593,-0.32591,-1.8452,-1.75625,0.34238,1.07142,-0.25707,-0.62291,0.94269,-1.30563,-0.83487,0.97946,-2.27864,-0.00577,-0.63781,0.1829,-0.03149,0.24544,0.67972,-1.18151,1.50681,0.7726,0.79641,0.88733,1.08772,0.73533,-0.09273,-1.23463,-0.26138,-0.74908,-1.41819,0.3342
GUT_0405,0.43897,-0.62878,-1.8416,-1.28325,0.22195,1.07708,-0.33439,-1.23457,0.35562,-1.24436,-0.57043,0.58921,-1.98256,0.03138,-0.36383,0.47338,-0.13889,0.5152,0.99436,-0.67785,1.46483,0.79844,0.63324,1.24509,0.69808,1.0203,-0.24008,-1.09382,-0.84942,-0.7168,-1.70654,0.31857
GUT_0406,0.21324,-0.63835,-1.3315,-1.26061,0.67697,1.20705,-6e-05,-1.23049,0.58974,-1.20118,-0.68839,0.76844,-2.09145,-0.26422,-0.27998,0.1722,0.18554,0.0456,1.07655,-1.07334,1.50893,0.70111,0.58246,1.02275,1.07616,1.03598,-0.08931,-1.44418,0.16306,-0.46266,-1.94587,0.0023
GUT_0407,0.52115,-0.61677,-1.43149,-1.30768,0.51072,0.84119,-0.35083,-1.24352,1.2248,-1.68767,-0.55582,1.03714,-2.2771,0.19028,-0.39687,-0.11377,0.28712,-0.112,0.85261,-0.62133,1.3754,0.69807,0.64788,1.08758,0.26042,0.657,0.23829,-1.40948,0.07295,-0.27052,-1.33791,0.29142
GUT_0408,0.29754,-0.918,-1.46701,-1.30632,0.40188,1.08635,-0.35403,-1.00827,0.85799,-1.16055,-0.60619,0.93899,-2.26277,0.29866,-0.34414,-0.0327,0.13791,0.41536,0.89022,-0.60062,1.94142,0.61175,0.90553,1.58162,0.59756,0.64655,-0.05667,-1.34669,-0.28433,-0.95447,-1.19052,-0.15525
GUT_0409,0.17208,-0.64755,-1.3311,-1.02917,1.00816,0.64518,-0.28876,-1.40911,0.81042,-1.31531,-0.54271,0.71217,-2.15616,0.63442,-0.22882,0.04984,-0.02198,-0.22144,1.07217,-0.85602,1.49797,0.875,0.71853,1.19051,0.92578,0.8266,-0.34462,-1.33697,-0.04459,-0.4892,-1.66049,0.018
GUT_0410,0.64775,-0.2803,-1.24735,-1.57336,0.63689,0.99929,-0.11743,-1.12239,1.0352,-1.42619,-0.52892,0.58218,-2.54674,0.66534,-0.74571,0.39152,0.00089,0.15875,1.1052,-1.01943,1.41642,0.17676,0.67567,1.16958,0.33618,1.05692,0.45374,-1.34718,-0.18196,-0.23489,-1.5008,0.6555
GUT_0411,0.00918,-0.31197,-1.18127,-1.58952,0.21181,0.9541,0.10463,-1.29668,0.88403,-1.50349,-0.83875,0.61127,-2.00948,0.02868,-0.71405,0.15892,-0.65294,0.42069,0.73897,-1.26838,1.47231,0.39088,0.84119,1.47842,0.70128,0.84885,0.0525,-1.67324,-0.53029,-1.20065,-1.3733,0.17784
GUT_0412,0.17827,-0.77644,-1.34045,-1.56138,0.82079,0.8906,-0.46138,-1.0909,0.56931,-1.32372,-1.08695,0.60341,-2.35736,0.14092,-0.68937,0.47291,-0.50971,-0.06613,0.3541,-0.54382,1.20643,0.52023,1.11915,0.96327,1.13741,0.76226,0.15893,-1.21869,-0.00495,-0.71577,-2.02025,0.30382
GUT_0413,0.3691,-1.10811,-1.59668,-1.35562,0.90252,0.74775,-0.16859,-1.43281,0.84174,-1.32106,-0.71391,0.49298,-2.13798,0.19151,-0.25177,0.37767,0.24108,0.26216,0.55224,-1.13218,1.339,0.35649,0.55282,1.70717,0.76629,0.7021,-0.03202,-1.68589,0.08054,-0.70656,-1.64574,0.39366
GUT_0414,0.05144,-0.53838,-1.15756,-1.22839,0.46403,1.16661,-0.37628,-0.93228,0.673,-1.15534,-0.17985,0.49686,-1.85635,-0.07478,-0.4988,0.07374,-0.01802,0.37407,1.09502,-0.75115,1.50179,0.93688,0.53274,1.13827,0.70593,0.5554,0.16585,-1.81427,0.01469,-0.71652,-1.39612,0.07617
GUT_0415,0.28961,-0.81667,-1.30156,-1.01647,0.88955,0.92421,-0.10959,-1.09217,0.76612,-1.54275,-0.58466,1.13115,-1.95362,0.358,-0.49334,-0.0067,-0.91509,0.02037,0.90841,-0.41737,1.07148,0.92648,0.85584,1.17738,0.51958,0.33166,-0.42443,-1.47181,-0.28574,-0.56526,-1.20345,0.14132
GUT_0416,0.55701,-0.74661,-1.57507,-1.06373,0.57112,0.71148,-0.65151,-1.17513,0.9241,-1.23865,-0.45845,0.37774,-2.38278,0.47049,-0.69666,-0.05586,0.14982,-0.02545,0.19605,-0.57595,1.38516,0.655,0.57432,1.01274,0.66503,1.15922,0.31824,-1.02333,-0.1736,-0.79266,-1.37578,0.00801
GUT_0417,-0.22216,-0.77904,-1.84698,-1.65736,0.88494,0.58892,-0.077,-0.70823,0.89523,-1.2371,-0.61381,0.71222,-2.36318,0.62744,-0.55411,-0.02445,-0.24903,0.27043,0.28335,-0.60941,1.49329,0.84443,0.28481,1.31798,1.1731,0.9609,0.17215,-1.57035,-0.08339,-1.18241,-1.33216,0.67916
GUT_0418,-0.16611,-0.66155,-1.9531,-1.61297,0.71675,0.67305,-0.24534,-0.62539,0.93458,-0.73039,-0.8068,0.36484,-2.45451,0.29441,-0.50651,0.03857,-0.06769,0.19897,0.9292,-0.58839,1.86123,0.7631,1.17641,0.77623,0.87159,0.92158,0.07396,-1.58055,-0.02615,-0.69393,-1.53615,0.60421
GUT_0419,0.22881,-0.81343,-1.29455,-1.23996,0.67784,1.05952,-0.04779,-1.10895,0.75587,-1.33473,-0.84305,0.5071,-2.2425,0.30106,-0.94252,0.18984,0.01105,0.14467,0.91223,-0.79791,1.25254,0.82474,1.18971,1.47124,1.11583,0.62181,0.1619,-1.78265,-0.56802,-0.41311,-1.62395,0.43084
GUT_0420,-0.0409,-0.2532,-1.68716,-1.42265,0.24638,0.6368,0.39224,-1.17669,0.90475,-1.50393,-1.02424,0.81997,-2.41548,0.40255,-0.33069,-0.01021,-0.09696,0.07635,0.74929,-0.83253,1.4614,0.33734,0.71332,0.92516,0.72567,0.49717,0.18719,-1.57952,0.57347,-0.76788,-1.43006,0.49328
GUT_0421,-0.95462,-1.03154,-1.36407,0.24122,0.23142,1.45132,0.07838,0.77917,1.38502,1.28957,-2.16593,1.25466,0.52592,0.22481,0.03228,0.3814,0.23326,-0.27394,-1.8888,-0.09642,-0.99802,0.90416,-0.91165,0.08202,0.02471,-0.60289,0.07006,-1.70539,0.15871,0.02178,-0.69202,-2.44401
GUT_0422,-0.45073,-1.21395,-0.80578,0.47148,-0.06171,1.36468,-0.10454,0.93983,1.40978,1.35583,-2.52307,1.22397,0.34397,0.35362,0.14343,0.59987,-0.04694,-0.61295,-2.04163,0.0596,-0.94729,1.40573,-0.34452,-0.13202,-0.61907,-0.49069,0.09336,-1.39978,0.43112,-0.48748,-1.55809,-2.37685
GUT_0423,-0.55726,-0.7059,-1.14991,0.09673,0.14625,1.09166,0.02876,0.79314,1.60232,1.12977,-2.13035,1.11875,0.2493,0.46465,0.71387,0.42219,0.39023,-0.04284,-1.68602,-0.42841,-0.66031,1.59785,-0.24404,0.21172,-0.75104,-1.02626,-0.02704,-1.73369,0.01717,0.42482,-1.01377,-2.56188
GUT_0424,-0.89036,-0.78879,-1.21899,0.35211,0.29245,1.27949,0.18765,1.06076,1.24574,1.44806,-2.15383,1.11977,0.49997,0.8455,-0.00951,0.35687,-0.22365,-0.07199,-1.68211,-0.35304,-1.28901,0.94405,-0.60479,0.48627,-0.55809,-0.66259,0.03094,-1.85596,0.36642,-0.15714,-1.05655,-2.46326
GUT_0425,-0.70486,-1.18798,-0.73821,0.83303,0.33254,1.39732,-0.27408,1.05162,1.3414,1.12419,-2.93772,1.49446,0.57496,0.72692,0.06283,-0.15488,0.18444,-0.2317,-2.0468,-0.04265,-0.51927,1.16614,-0.08801,0.13968,-1.04867,-0.53184,-0.13451,-1.60779,0.43488,0.14328,-1.15486,-2.33798
GUT_0426,-0.5392,-1.01973,-0.95286,0.56036,0.0729,1.27591,-0.0377,1.57369,1.37131,0.97733,-1.95099,1.54155,-0.02774,0.46607,0.7556,0.08632,0.25937,-0.66972,-1.95571,-0.44488,-1.20518,1.18678,-0.27255,-0.09484,-0.89988,-0.8754,-0.14282,-1.66557,0.5169,0.21747,-1.70712,-2.52149
GUT_0427,-0.62692,-1.25593,-1.31222,0.01403,0.15873,1.05704,0.00908,1.04625,1.23675,1.2814,-2.56419,1.06477,-0.01247,0.62198,0.37355,0.58053,0.59642,-0.6612,-1.83161,-0.30061,-0.89677,0.93593,0.07371,0.0073,-1.17132,-0.42214,0.39544,-1.46332,0.64404,-0.44665,-0.97622,-1.66009
GUT_0428,-0.47467,-1.23756,-1.01995,0.4202,0.25869,1.29221,-0.23225,1.2012,1.38527,1.48264,-2.80868,1.27436,0.1175,0.41839,0.74643,0.74414,0.37636,-0.60888,-1.75971,-0.10204,-0.86185,0.93787,-0.08512,-0.15432,-1.074,-0.5238,-0.27737,-1.5279,-0.17105,-0.10952,-1.29024,-2.32328
GUT_0429,-0.37555,-0.66249,-0.93215,0.22332,0.29771,1.2634,0.08148,1.08776,1.83181,0.94311,-2.18766,1.00166,-0.02846,0.37034,0.26797,0.35405,0.62662,-0.2415,-2.09542,0.2375,-0.45615,1.25522,-0.79024,0.38151,-0.84495,-0.16988,-0.02282,-1.44576,0.24145,-0.41295,-1.39507,-2.27001
GUT_0430,-0.45226,-1.25812,-0.39823,0.2672,0.15074,1.28456,0.00061,1.21384,1.04939,1.52847,-2.79324,1.34218,0.19793,0.58282,0.56243,0.86594,0.60226,-0.6042,-1.95944,0.60419,-0.84617,1.46032,-0.21035,0.3096,-1.08823,-0.96606,-0.49966,-1.66255,0.58428,0.06246,-1.0139,-2.67121
GUT_0431,-0.63639,-0.52198,-1.18637,0.22815,0.68041,1.23726,-0.1295,1.24145,1.17168,1.12138,-2.63095,1.09172,0.20767,0.84294,0.30537,-0.0946,-0.1157,-0.93022,-1.92537,-0.29187,-1.02814,1.27686,-0.21927,0.29245,-0.67003,-0.31052,-0.25688,-1.87022,0.34652,0.13035,-1.35811,-2.30173
GUT_0432,-0.89245,-1.09553,-1.44496,0.32707,0.49034,1.07884,-0.12136,1.33213,1.86569,1.06547,-3.11587,0.97062,-0.26094,0.02832,0.13679,0.9326,-0.01488,-0.20001,-1.69197,-0.25145,-0.71316,1.24301,0.07762,-0.21069,-1.11897,-0.72741,0.08416,-0.91655,0.0788,0.0592,-1.21097,-2.77028
GUT_0433,-0.7476,-1.03877,-1.16775,0.51948,0.71264,1.32654,0.13653,1.19702,1.63363,1.35691,-2.51452,1.26679,0.68223,0.61522,0.18545,0.33291,0.36543,-0.32703,-1.93313,0.12573,-0.62585,1.08051,-0.2954,0.43896,-0.81422,-0.46936,-0.04828,-1.57348,0.33944,-0.36169,-0.99201,-2.34282
GUT_0434,-0.11857,-1.13255,-1.1731,0.31466,0.62837,1.21642,0.14919,0.95018,1.51056,0.9865,-2.36365,1.51185,0.29397,0.41142,-0.0034,-0.11649,0.26388,-0.22981,-2.05064,0.25115,-0.72255,1.01858,-0.03662,-0.12706,-0.93569,-0.79517,-0.0873,-1.61437,0.37639,-0.28538,-1.13043,-2.67257
GUT_0435,-0.29672,-0.8175,-1.20293,0.14296,0.00879,1.08533,0.38314,1.1157,1.64354,1.26368,-1.7495,1.60819,0.41093,0.81961,0.26147,0.57994,0.59499,-0.64898,-2.1673,-0.09873,-0.54212,1.43577,-0.44196,0.1154,-0.69573,-0.54436,-0.20176,-1.86139,-0.28446,-0.08435,-1.19709,-2.60304
GUT_0436,-0.5478,-0.85994,-1.09699,0.20181,0.11737,1.44931,-0.21133,1.06203,1.63045,1.16108,-2.22419,1.47089,0.18705,0.65428,0.22137,0.37015,0.61178,-0.34528,-1.76424,-0.12309,-0.55912,1.308,0.17289,0.19117,-0.63339,0.26862,-0.01053,-1.74716,0.3928,-0.06838,-1.2278,-2.31799
GUT_0437,-0.68386,-1.29829,-0.71693,0.76131,0.07221,0.5869,-0.17858,1.1083,1.5505,1.45979,-2.6514,1.01777,0.05376,0.46196,0.47359,0.76663,0.50827,-0.32298,-1.79607,-0.11469,-0.7564,0.615,-0.18546,0.01493,-0.59936,-0.21155,-0.28037,-1.9384,0.25813,-0.20055,-1.3371,-2.4582
GUT_0438,-0.71554,-1.09944,-1.23245,0.36504,0.07459,1.2135,0.07119,0.733,1.28564,1.03177,-2.52058,0.83372,0.21635,0.6018,0.68156,0.60476,0.46429,-0.3692,-2.21069,0.12512,-1.08566,0.94005,-0.32199,-0.17188,-0.91543,-0.21888,-0.17429,-1.50971,0.29591,0.23251,-1.0631,-2.49967
GUT_0439,-0.811,-1.25503,-1.2847,0.0303,0.66954,1.35626,-0.04117,1.0721,1.3794,1.16486,-2.14088,1.71318,0.33362,0.3095,-0.20254,0.41491,0.08473,-0.03212,-1.73198,-0.05492,-0.88929,1.25504,-0.42681,0.1458,-1.15897,-0.2855,0.05889,-1.34805,-0.14333,-0.19051,-1.05609,-3.05106
GUT_0440,-0.6829,-1.08886,-1.0065,0.21043,0.43796,1.51534,-0.25921,0.697,1.37955,0.88153,-2.54724,0.84112,0.60832,0.71455,0.43333,0.90385,0.41049,-0.61,-1.48378,-0.11285,-0.69371,1.2281,-0.61927,0.11193,-1.08213,-0.76408,-0.13397,-1.69506,-0.02612,-0.45564,-1.06418,-2.58694
GUT_0441,-0.64339,-0.83,-1.17905,0.16318,0.29729,1.14027,-0.06305,1.16459,1.6422,0.99114,-2.28541,1.18138,0.95705,0.07976,0.74064,0.26101,-0.26132,-0.77844,-2.33348,-0.45453,-0.42017,1.44153,0.02615,-0.27785,-0.88068,-0.64724,0.19624,-1.58061,0.36096,0.1484,-1.26316,-2.80191
GUT_0442,-0.66849,-1.16666,-0.93595,0.74991,0.29826,1.75703,0.00294,1.51639,1.72944,1.16959,-2.24829,1.09096,-0.11304,0.8768,0.4048,0.75713,0.39545,0.07921,-1.67356,-0.08629,-0.91724,0.94706,-0.20212,0.16639,-0.89433,-0.47346,0.31786,-1.58267,0.01927,-0.29535,-0.90608,-1.99058
GUT_0443,-0.64977,-0.93065,-1.00861,0.20932,0.51059,1.47086,0.24905,1.18246,0.94656,1.09532,-2.65422,1.42915,0.26124,0.36195,0.40217,0.36579,0.43771,-0.50199,-2.04976,-0.73848,-1.02129,1.05831,-0.21899,-0.11778,-0.76401,-0.15749,0.32676,-1.38456,0.2765,-0.19658,-1.32018,-2.26907
GUT_0444,-0.50603,-1.34111,-1.04342,0.31678,0.33155,1.06806,-0.01147,1.36509,1.31153,0.77006,-2.35963,1.33929,0.08416,0.58573,0.2622,0.55196,0.20985,-0.65377,-1.99575,-0.06103,-0.8456,1.04922,-0.48729,0.22291,-0.62056,-0.71983,-0.01706,-1.51219,0.07711,-0.07884,-1.268,-2.05127
GUT_0445,-0.71992,-0.70908,-0.65881,0.12265,0.32786,1.48093,0.05691,1.12657,1.2631,1.11608,-2.16609,1.44943,0.26893,0.94534,-0.07196,0.69545,0.28572,-0.31074,-1.87487,-0.48289,-0.50458,1.57135,0.16764,-0.0458,-0.63745,-0.22931,-0.59805,-1.55455,0.39352,0.10773,-1.04539,-2.4027
GUT_0446,-0.52852,-1.13512,-0.18047,0.27525,0.46703,1.66105,-0.11872,0.83498,1.71642,0.99431,-2.1105,1.40969,0.70101,0.1597,0.81377,0.21631,0.49849,-0.85667,-1.50251,0.11569,-0.77645,0.46338,-0.06236,0.20672,-0.74403,-0.39372,-0.18997,-1.74677,0.7918,0.15639,-1.24901,-2.36939
GUT_0447,0.3871,-0.95384,-1.01051,0.01842,0.51871,1.33133,-0.17094,1.14935,1.35046,0.8031,-2.10825,1.68673,-0.00119,0.34398,0.23669,-0.12255,0.23238,-0.28738,-1.82115,-0.07972,-0.48306,0.76166,-0.58706,0.6701,-0.73457,-0.67933,-0.18584,-1.16891,0.65396,-0.14474,-1.41428,-1.84941
GUT_0448,-0.72283,-0.96849,-0.80476,0.26432,0.566,0.84988,-0.24333,1.23736,1.38293,1.19576,-2.64631,1.67554,0.21582,0.87131,0.10997,0.05887,0.51118,-0.45461,-1.91803,0.22424,-1.10194,1.60011,-0.15462,0.05539,-1.14308,-0.73932,0.19469,-1.23912,0.28412,0.25903,-1.11633,-2.46416
GUT_0449,-0.70399,-1.39591,-1.37255,0.57112,0.8296,1.45269,-0.19251,0.87748,1.46661,1.19291,-3.12679,1.10931,0.21455,0.1323,0.43374,0.18393,0.01055,-0.1087,-1.71288,-0.54247,-0.71467,1.36648,-0.13487,-0.05725,-0.80016,-0.67042,0.04609,-1.50114,-0.03622,-0.22836,-0.91728,-2.53186
GUT_0450,-1.02761,-1.3054,-0.94255,0.65814,0.50041,1.24718,-0.09197,0.93151,1.17666,1.28826,-2.37609,0.89196,0.49066,0.68415,0.41457,0.10185,0.59655,-0.61095,-2.02956,-0.25067,-1.03278,0.85056,-0.51439,-0.33875,-0.88692,-0.517,0.28885,-1.50161,0.14267,-0.0128,-1.23216,-2.83176
GUT_0451,-0.67684,-0.76492,-1.03598,0.12641,0.80886,1.16585,-0.06797,1.39453,1.08194,1.066,-2.19281,1.13029,0.71804,0.11722,0.15665,0.43692,0.39274,-0.39373,-2.05631,-0.11277,-1.14802,1.18737,-0.55209,-0.06414,-1.26584,-0.11257,-0.13355,-1.16593,0.11473,0.14396,-0.63358,-2.19215
GUT_0452,-0.71126,-1.06238,-1.52844,0.02637,0.29288,0.54153,0.07113,1.1246,0.97103,1.31859,-2.49177,1.26534,0.10248,0.72419,0.56472,0.139,0.30326,-0.39407,-1.71827,-0.01579,-0.70854,1.19427,0.07165,-0.09605,-0.88872,-0.33435,0.03746,-1.17091,0.86709,-0.59309,-1.54473,-2.42165
GUT_0453,-0.56199,-1.15551,-1.01414,0.16286,0.37891,1.5716,-0.09054,0.52275,1.53928,0.72566,-1.7938,1.08061,0.14574,0.19821,0.30779,0.15896,0.54252,-0.65403,-2.00523,0.16394,-0.85696,1.4611,-0.09484,0.13916,-1.32647,-0.59192,0.0846,-1.5816,0.24522,-0.04376,-0.83879,-2.65792
GUT_0454,-0.87351,-1.23163,-1.00667,0.45598,0.09988,1.72402,-0.33668,0.68226,1.75789,1.40478,-2.4938,1.24887,0.10908,0.75182,0.25941,0.20124,0.58062,-0.13905,-1.75184,-0.40652,-0.77304,0.89399,-0.41582,-0.00254,-0.80326,-0.29897,0.15866,-1.4292,0.68032,-0.31686,-1.22797,-2.6226
GUT_0455,-0.86265,-1.79343,-0.99628,0.06863,0.36201,1.37534,0.21516,1.33554,1.62992,1.02063,-2.58286,1.57732,0.47198,0.51792,0.50537,0.17905,0.45009,-0.41624,-2.44879,-0.19642,-0.49442,1.50593,-0.03599,-0.06494,-0.98328,-0.50696,-0.06147,-1.23949,0.17767,-0.23773,-1.43532,-2.40763
GUT_0456,-0.97115,-0.81472,-1.34187,0.22586,-0.09084,1.66383,-0.24039,0.60133,1.2026,1.04804,-1.83325,1.01802,0.67369,0.41817,0.40108,0.48115,0.63071,-0.24958,-2.33786,-0.10263,-1.04978,1.39318,-0.47574,0.15335,-0.81829,-0.69531,-0.20206,-1.19317,0.07912,0.19165,-0.8671,-2.52011
GUT_0457,-0.80144,-1.42837,-0.93777,0.12883,0.42769,1.65018,-0.19994,0.93371,1.21762,1.13232,-2.14436,1.51232,0.51118,0.22045,0.51077,0.64639,0.98798,-0.10641,-1.80087,0.11108,-0.7323,1.1807,-0.54552,-0.02165,-1.1685,-0.69388,0.02426,-1.72312,0.38635,-0.03434,-1.48346,-2.34079
GUT_0458,-0.14966,-0.90228,-1.14211,0.07292,0.08431,0.99371,-0.19958,1.19112,1.41679,1.15831,-2.18645,0.96017,0.39693,0.12229,0.01913,-0.06752,0.49059,-0.5557,-2.11595,-0.47385,-1.14745,0.9355,-0.34045,0.10758,-1.04292,-0.56771,0.22151,-1.27109,0.5,-0.43333,-1.2418,-2.67165
GUT_0459,-0.57867,-1.38232,-1.16251,0.2311,0.06509,1.36943,-0.15657,0.84971,1.87411,0.82516,-1.94144,1.06287,0.85737,0.56232,0.01973,0.50692,0.5122,-0.49389,-1.90679,-0.50558,-1.189,1.415,-0.0176,0.31796,-1.14358,-0.15961,0.09639,-0.95439,0.58033,0.34917,-1.43417,-2.69331
GUT_0460,-0.82078,-1.08494,-1.36101,0.21032,0.07606,1.46567,0.32615,0.98067,0.94059,0.82884,-2.55206,0.91688,0.43037,0.61614,0.56519,0.46603,0.02312,-0.28153,-2.02157,0.18518,-0.69158,1.27842,0.04778,0.03921,-0.4944,-0.93726,0.09589,-1.59903,0.37143,0.02027,-1.57454,-2.16592
GUT_0461,-0.45575,-0.94437,-0.55837,0.3682,0.41877,1.38983,0.34431,0.58167,1.24908,1.27833,-2.49534,0.86701,0.8466,0.41204,0.45278,0.27848,0.57027,-0.61923,-2.12333,0.00864,-0.32559,1.54118,-0.23978,0.32788,-1.26726,-0.58355,0.13105,-1.24491,0.0832,-0.13046,-0.99597,-2.11131
GUT_0462,-0.49011,-1.44954,-0.99284,0.30492,0.33082,1.48928,-0.15201,1.27886,1.74304,0.91744,-2.37637,1.14838,-0.23313,0.35081,0.34084,0.69426,0.2302,-0.14256,-1.96282,0.24349,-0.91845,0.83172,-0.77789,0.0557,-0.71218,-0.30174,-0.20535,-1.20277,-0.00652,-0.00621,-0.90098,-2.76259
GUT_0463,-0.84867,-0.98763,-1.07847,0.54718,0.5915,1.40973,-0.13289,0.81791,1.42363,1.11487,-2.41365,0.89513,0.40055,0.05501,0.26624,0.59783,0.61956,-0.10355,-1.79325,-0.26997,-0.72638,0.81347,-0.29188,-0.21443,-0.91048,-0.78594,-0.05111,-1.26845,0.45992,-0.00548,-1.58072,-2.22598
GUT_0464,-0.47623,-1.3875,-1.2161,0.32942,0.47853,1.16259,0.0666,1.07826,1.08396,1.42613,-1.98739,1.33571,0.30518,0.17471,0.23174,0.5665,0.42241,-0.35662,-2.01922,-0.42454,-0.76756,1.3473,-0.16332,0.48884,-0.81227,-0.60243,-0.14487,-1.38048,0.38435,0.30512,-0.71822,-2.09001
GUT_0465,-0.42669,-1.10448,-1.05591,0.47056,0.99706,1.0133,0.53172,0.95286,1.70899,1.10174,-2.9417,0.97354,0.49224,0.79135,0.5574,0.66251,0.32838,-0.65603,-1.79395,-0.22163,-0.59008,1.08619,-0.03938,-0.32972,-0.86963,-0.44511,-0.16628,-1.37093,0.39105,-0.08748,-1.4281,-2.3043
GUT_0466,-0.27772,-1.11254,-1.32403,0.75961,0.38115,1.41358,0.53527,1.4939,1.43716,1.4007,-2.1407,1.10461,0.10747,0.47506,0.25806,0.58912,0.10376,-0.28457,-2.54573,-0.08952,-0.84067,1.18828,-0.5717,0.30064,-1.1301,-0.10584,0.1183,-1.75203,0.24704,-0.02386,-0.80577,-2.09167
GUT_0467,-0.43615,-0.92714,-1.26486,0.51822,0.21289,1.25242,-0.17263,0.91873,1.42144,0.95319,-2.53433,1.34889,0.46825,0.65058,0.36865,0.08265,0.19948,-0.30778,-1.93015,-0.10314,-0.74766,0.99842,-0.25959,-0.3659,-0.54619,-0.77505,0.22374,-0.80964,0.57867,-0.27253,-1.03531,-2.46895
GUT_0468,-0.13701,-0.96658,-0.71496,0.0691,0.34934,1.5822,-0.23072,0.84145,1.17795,1.09293,-2.72025,1.53416,-0.18439,0.24751,0.68422,0.18062,0.76913,-0.50191,-1.79728,-0.1124,-0.49828,1.08578,-0.33101,0.2515,-0.61158,-0.8367,-0.04182,-0.99185,0.34872,0.11478,-1.14561,-2.15343
GUT_0469,-0.50451,-0.708,-1.39861,-0.00622,0.59363,1.50682,0.00467,1.10993,1.86339,1.06187,-2.58368,1.60677,0.3505,0.46311,0.26933,0.21146,0.19137,-0.53803,-1.71525,-0.02012,-0.8585,0.74622,-0.06305,-0.17966,-0.67788,-0.32589,0.352,-2.03187,-0.06771,-0.0654,-1.25097,-2.17459
GUT_0470,-0.72576,-1.05766,-1.79999,0.36418,0.49218,1.71158,-0.23435,0.95783,1.4557,1.09265,-2.7425,1.57222,-0.10966,0.08438,0.23322,0.26945,0.48539,-0.41529,-1.74361,-0.07447,-1.01397,1.32749,-0.07663,-0.33906,-0.64794,-0.6319,0.22392,-0.91141,0.83548,-0.03836,-1.00932,-2.69409
GUT_0471,-0.6393,-1.42606,-1.61614,0.43057,0.30167,1.67791,0.06088,1.00035,1.3887,1.77034,-2.42315,1.49279,0.44385,0.33822,0.34094,0.0996,0.91097,-0.33333,-2.18525,0.01725,-0.71187,1.1434,-0.11712,0.3817,-0.70038,-0.23514,-0.00201,-2.00389,0.20975,-0.42709,-1.45901,-2.4387
GUT_0472,-0.67072,-0.93068,-0.77542,0.29183,0.27087,1.51446,0.16023,1.3335,1.10893,1.18242,-2.38074,0.98966,0.40581,0.41695,0.4977,0.07764,0.53765,-0.08558,-1.30481,0.04221,-0.68232,1.28386,-0.56551,0.11693,-0.97791,-0.78697,-0.04232,-1.73038,-0.0514,-0.28223,-1.08583,-2.51308
GUT_0473,-0.68594,-0.7444,-0.84935,0.04225,0.64639,1.12678,-0.32754,1.18167,1.73546,1.19206,-1.7361,1.15209,0.58142,0.13468,0.16586,0.47167,0.12083,-0.69689,-1.68686,0.02716,-0.77415,1.01231,0.36099,-0.00789,-1.2419,-0.3824,0.3997,-1.34454,0.09461,-0.13338,-0.98778,-2.41443
GUT_0474,-0.31116,-0.88864,-0.81265,0.25748,0.33661,1.34548,0.03836,0.36975,1.52133,0.91933,-1.91435,1.23313,0.05323,0.89266,0.55423,0.60021,0.59614,-0.21136,-2.0484,-0.42027,-0.63787,0.78118,-0.30209,0.13489,-0.87603,-1.21004,-0.19104,-1.78439,0.23794,-0.16544,-1.10838,-2.69264
GUT_0475,-0.26555,-0.84325,-0.49585,-0.07749,0.4631,1.42871,-0.19448,1.01318,1.50924,1.21428,-2.48768,1.23476,0.28267,0.53845,0.76825,0.09989,0.43809,-0.01025,-1.51759,-0.29841,-1.02278,1.21796,-0.05568,-0.06637,-0.51384,-0.83067,-0.322,-1.78414,0.4717,-0.18344,-1.31342,-2.52503
GUT_0476,-0.7729,-0.99455,-1.43045,-0.14289,0.47134,1.60109,-0.16334,0.8004,1.575,0.91734,-2.4715,0.90962,0.47969,0.41025,0.87708,0.03841,0.23167,-0.18387,-1.97035,0.23272,-1.03361,0.78828,-0.12217,0.40177,-0.72249,-0.67203,-0.25005,-1.50413,-0.2457,0.27442,-0.76847,-2.27842
GUT_0477,-0.36994,-1.04474,-0.65814,0.31936,0.28718,1.77863,0.50501,1.1974,1.38572,0.90431,-1.91247,0.93355,0.37721,0.92634,0.28482,0.35323,0.4938,-0.77574,-1.71312,-0.31676,-1.16291,0.89205,0.16519,-0.10997,-1.23398,-0.36634,-0.04012,-1.32449,0.4229,-0.5052,-0.99433,-2.53288
GUT_0478,-0.27339,-1.2196,-1.12043,0.09114,0.33196,1.24247,0.1363,0.86607,1.61632,0.95105,-2.97569,1.38273,0.1645,0.56312,0.66939,0.44766,0.63239,-0.53085,-1.64476,-0.56678,-0.90482,1.2555,-0.08972,0.1703,-0.60397,-0.30043,0.14125,-1.49477,0.10629,0.10276,-1.05822,-2.37021
GUT_0479,-0.78223,-1.46092,-0.69117,0.23942,0.33351,1.34653,-0.04379,1.30063,1.37448,1.22519,-2.35705,1.21242,0.1693,0.59481,0.07613,0.04425,0.02513,-0.36386,-1.77151,-0.19526,-0.2906,1.13967,-0.20179,0.20767,-0.55185,-0.40447,0.31139,-1.28076,0.63313,-0.30822,-1.65241,-2.00909
GUT_0480,-0.30677,-1.18832,-0.91796,0.4464,0.66498,1.37546,-0.39949,1.36784,1.17808,0.88478,-2.65648,1.2825,0.09131,0.19151,0.4243,0.49471,0.56759,-0.32962,-1.67187,-0.06583,-1.04119,0.72357,-0.4937,0.03825,-0.48224,-0.82831,-0.09449,-1.62312,0.22144,-0.15264,-1.00523,-2.55895
GUT_0481,0.79957,-0.24128,-0.54487,-0.12343,1.87465,-0.24963,0.16381,-1.48993,1.43703,0.97914,1.3148,0.00226,0.83959,0.5039,0.89765,-0.30812,-1.59869,1.16883,-2.39428,-0.27895,-0.52833,-1.23802,0.78129,-0.62134,-0.77507,0.61041,-0.24446,1.10518,0.505,-0.72966,-1.83479,-1.09343
GUT_0482,0.46108,-0.41601,-0.32543,-0.66518,1.93211,-0.04687,0.24333,-1.57863,1.62475,1.02702,1.05103,-0.05532,0.9526,0.54199,0.75434,-0.6294,-1.06838,0.98834,-2.11556,-0.40687,-0.29724,-0.79523,1.02346,-0.107,-0.22818,0.61929,0.19018,1.29209,0.66274,-0.50326,-1.94098,-1.00067
GUT_0483,0.4129,-0.40895,-0.6584,-0.44847,1.64985,0.62699,-0.07619,-1.27992,1.67419,1.1377,0.64536,-0.18578,0.92734,0.4362,0.36799,-0.11436,-1.29644,1.2918,-2.02689,-0.48771,-0.44379,-1.16058,0.91643,-0.27176,-0.61764,-0.02792,-1.04472,1.19295,-0.31461,-0.17621,-2.09753,-1.49542
GUT_0484,0.79917,-0.18438,-0.47247,-0.39725,1.93655,-0.23598,-0.07743,-1.70035,1.46709,1.11781,1.15246,0.19202,0.67287,-0.14781,1.23439,0.24733,-1.62635,0.84068,-2.09273,-0.0156,-0.24682,-1.18122,0.27106,-0.42035,-0.41839,0.47202,-0.60407,1.79148,0.0141,-0.62909,-1.75426,-1.17383
GUT_0485,0.35252,-0.18639,-0.48169,-0.23474,1.66148,0.05695,0.21879,-1.79911,1.93002,0.72942,1.03435,-0.24264,1.3976,0.06031,0.57453,-0.13597,-1.69369,1.22021,-2.26216,-0.23479,0.00992,-1.49948,0.8431,-0.26993,-0.5245,0.43635,0.12029,1.224,0.13494,-0.81912,-1.68249,-1.71759
GUT_0486,0.5336,0.03237,-0.52535,-0.1477,1.76666,0.08975,0.14696,-1.69568,1.67387,0.56425,1.3461,0.25047,0.70053,0.38832,0.82749,-0.03498,-0.97439,0.73664,-2.19967,-0.32538,-0.8214,-0.85981,0.30487,-0.43631,-0.30933,0.52982,-0.21534,1.29714,0.08902,0.2622,-2.31462,-1.47086
GUT_0487,0.23756,-0.26836,-0.59821,-0.16477,2.09005,-0.1445,0.21961,-1.42837,1.985,0.95557,1.44552,-0.23681,0.61666,0.29673,0.73636,-0.25883,-1.18947,1.23245,-1.84598,-0.33937,-0.10338,-1.35723,1.07609,-0.06698,-0.65675,0.97278,-0.37225,1.41279,0.53258,-0.75724,-1.60165,-1.52904
GUT_0488,0.25563,-0.42757,-0.69997,-0.33674,2.0453,-0.00088,0.14486,-1.92055,1.59996,0.8,0.63394,0.65273,0.89762,0.2093,0.46048,0.04199,-1.2842,0.96578,-1.6745,-0.51411,-0.28452,-1.27769,0.63946,-0.20861,-0.50071,0.50314,-0.32434,1.23796,0.03737,-0.58182,-1.77863,-1.42932
GUT_0489,0.3888,-0.07126,-0.33357,-0.2271,2.39817,-0.06935,0.24161,-1.64039,1.63341,0.7111,1.24486,-0.10704,1.00323,0.45242,0.33515,0.11676,-1.35335,1.00869,-1.79469,0.12815,-0.5181,-1.497,0.4317,-0.15536,-0.1833,0.53334,-0.17955,1.34458,0.06268,-0.8146,-1.87791,-1.0636
GUT_0490,0.03049,-0.35832,-0.49317,-0.39879,1.85242,0.01433,-0.08528,-1.36638,1.36245,1.05756,0.90883,0.4156,1.04443,0.41429,0.27497,-0.11806,-1.6597,1.18123,-1.93703,0.12617,-0.48561,-1.51785,0.89227,-0.11069,-0.54246,1.17516,-0.30982,0.80265,0.23181,-0.28945,-1.70089,-1.66858
GUT_0491,0.38952,-0.01379,-0.16062,-0.60961,1.90511,-0.25693,0.49044,-1.58838,1.68265,0.68582,0.7465,-0.20538,1.04916,0.57652,1.04718,0.02318,-1.1042,1.0532,-2.35347,-0.44938,-0.48643,-1.09904,0.33099,0.05752,-0.07458,0.88509,-0.78153,1.60133,0.60322,-0.57905,-1.44002,-1.42777
GUT_0492,0.69919,-0.50663,-0.81353,-0.52978,2.14915,0.21237,-0.01775,-1.60869,2.0237,0.59295,0.79796,-0.2367,1.18342,0.32306,0.25891,-0.17679,-1.63458,0.70556,-2.05005,-0.08515,-0.82986,-1.28225,1.19439,-0.14729,-0.20578,0.59882,-0.85702,1.43535,0.35485,-0.92412,-2.00222,-1.26673
GUT_0493,0.35439,-0.08613,-0.29262,-0.28133,2.00599,0.30157,-0.10911,-1.32636,1.27948,0.88354,0.62765,0.42724,0.5789,0.07456,0.72437,-0.04523,-1.34082,0.53403,-1.80355,-0.0795,-0.14506,-1.19154,0.23571,-0.27055,-0.17787,0.80531,-0.31811,1.43336,0.43775,-0.15669,-2.37268,-1.3245
GUT_0494,0.41494,-0.5402,-0.51868,-0.20308,1.80353,-0.16964,-0.14551,-1.38832,1.95991,0.90222,0.59382,-0.12412,0.96862,0.21145,0.90492,-0.04586,-1.34485,1.01966,-1.92628,-0.2257,0.03294,-0.69099,0.73599,-0.87815,-0.57425,0.58093,-0.26203,1.43201,0.20177,-0.81223,-1.7652,-1.92777
GUT_0495,0.26593,-0.50535,-0.37651,-0.17545,2.03176,-0.24553,0.02549,-1.49733,1.33374,1.25365,1.05756,-0.33982,0.7485,0.01742,0.57172,-0.28782,-1.68227,1.11268,-1.85457,-0.21084,-0.32615,-0.85936,0.30143,-0.44116,-0.53893,0.97235,-0.04834,1.26845,0.60409,-0.62528,-1.90044,-1.20386
GUT_0496,0.9811,0.10623,-0.25515,-0.00822,1.45271,0.025,0.21874,-1.32646,1.52466,1.35461,1.29529,0.02705,1.01832,0.38003,0.75827,-0.58313,-1.4237,1.18133,-1.7815,-0.03974,-0.14187,-0.66754,0.65819,-0.05021,-0.63822,0.44833,-0.66418,1.54865,0.17995,-0.60785,-2.53912,-1.46254
GUT_0497,0.25297,-0.08624,-0.58919,-0.22301,1.66449,0.04636,0.06027,-1.32602,1.2978,0.97282,1.52244,-0.0487,1.1428,0.77064,0.81041,-0.41881,-1.26674,0.79659,-2.20665,-0.05093,-0.16694,-0.95787,0.32838,-0.2831,-0.55639,0.89168,-0.66256,1.26966,0.22403,-0.47853,-2.01437,-1.40044
GUT_0498,0.56705,-0.50616,-0.24382,-0.39389,1.94403,0.33053,-0.15677,-0.99437,1.65354,0.68517,1.00528,0.1825,0.87515,0.85172,0.53989,-0.14683,-1.27022,1.15871,-2.04373,0.00519,0.2183,-1.0365,0.50769,-0.05618,-0.36748,0.17395,-0.04907,1.02905,0.23197,-0.9789,-1.84608,-1.27516
GUT_0499,0.58446,-0.42959,-0.45141,-0.37269,1.81723,-0.17007,0.4712,-1.53058,1.43648,0.8201,1.29807,0.19525,1.18727,0.47953,0.79716,-0.07004,-1.35699,0.82489,-1.83521,-0.36495,-0.205,-1.0659,0.4992,0.047,-0.57766,0.31502,-0.25024,1.31789,0.34797,-0.7124,-1.79569,-1.32259
GUT_0500,0.48254,-0.49027,-0.38645,-0.30818,2.06354,0.20317,0.02864,-1.15271,1.24463,0.87301,0.89069,0.33608,0.86215,0.3828,0.93826,-0.11208,-1.72056,0.974,-1.98865,-0.32123,-0.43685,-1.13177,0.54804,-0.18003,-0.81817,0.50794,-0.0698,0.82512,0.0252,-0.01504,-1.78079,-1.20899
